-- ============================================================
-- Migration 022: Import historical data from DATA_CS Google Sheet
--   Source: https://docs.google.com/spreadsheets/d/1nrNPpD9JF40-nMKNaCxJRf6CZk9TorTC-fGcyEHHSUA
--   Date range: 1/7/2025 -> 31/1/2026
--   3 tables -> daily_sale_bills + daily_sale_payments + daily_sale_reconcile
--   Generated: 124 Table A bills, 190 Table B merges, 184 Table C reconcile rows
-- ============================================================

BEGIN;

-- -- Table A -> daily_sale_bills (main bill list: Dailysale)
INSERT INTO daily_sale_bills (bill_no, sale_date, member_code, member_name, amount, branch, channel, recorded_by, notes, source_file) VALUES
  ('STHBKK012509000001', DATE '2025-09-01', '56747', 'นางสาว สุปรานี เขียวแดง', 1500, 'BKK01', 'Branch', 'BKK-Neng', NULL, 'DATA_CS-import'),
  ('STHBKK012509000002', DATE '2025-09-01', '70684', 'นาย พิชัย  อาษาสุข', 32000, 'BKK01', 'Branch', 'BKK-Neng', NULL, 'DATA_CS-import'),
  ('STHBKK012509000003', DATE '2025-09-01', '69089', 'นางสาว ศิริกัญญา แหวนเงิน', 3400, 'BKK01', 'Branch', 'BKK-Neng', NULL, 'DATA_CS-import'),
  ('STHBKK012509000004', DATE '2025-09-01', '80242', 'นางสาว สวรรยา  สมพงษ์', 15000, 'BKK01', 'Branch', 'BKK-Neng', NULL, 'DATA_CS-import'),
  ('STHONLIN2508006769', DATE '2025-09-01', '95492', 'Mr. Godwin Amanui Ngongang', 300, 'BKK01', 'Online', NULL, NULL, 'DATA_CS-import'),
  ('STHONLIN2508006779', DATE '2025-09-01', '95495', 'Mrs. Judith Kechoyu Nvenyi', 300, 'BKK01', 'Online', NULL, NULL, 'DATA_CS-import'),
  ('STHONLIN2508006787', DATE '2025-09-01', '91219', 'นาย ชาติศักดิ์   แท่งทอง', 2400, 'BKK01', 'Online', NULL, NULL, 'DATA_CS-import'),
  ('STHONLIN2508006788', DATE '2025-09-01', '45929', 'นางสาว ธัญญรัตน์ มานะโพน', 4500, 'BKK01', 'Online', NULL, NULL, 'DATA_CS-import'),
  ('STHONLIN2508006797', DATE '2025-09-01', '59793', 'นางสาว กิ่งแก้ว บุญโยประการ', 5000, 'BKK01', 'Online', NULL, NULL, 'DATA_CS-import'),
  ('STHONLIN2508006805', DATE '2025-09-01', '95503', 'Ms. Mispa Osonge', 300, 'BKK01', 'Online', NULL, NULL, 'DATA_CS-import'),
  ('STHONLIN2509000001', DATE '2025-09-01', '52669', 'บริษัท โคบาราเอฟโวลูชั่น (ประเทศไทย)จำกัด ( สำนักงานใหญ่ )', 5200, 'BKK01', 'Online', NULL, NULL, 'DATA_CS-import'),
  ('STHONLIN2509000003', DATE '2025-09-01', '47787', 'ห้างหุ้นส่วน โกรท โกลเบิล เน็ตเวิร์ก (สำนักงานใหญ่)', 10000, 'BKK01', 'Online', NULL, NULL, 'DATA_CS-import'),
  ('STHONLIN2509000004', DATE '2025-09-01', '79572', 'นาย ประชุม มูลศาสตร์', 10000, 'BKK01', 'Online', NULL, NULL, 'DATA_CS-import'),
  ('STHBKK012509000005', DATE '2025-09-02', '89888', 'นาง ชลัณวรรณ   อังคมีชัยโสภณ', 1000, 'BKK01', 'Branch', 'Ketbkk', NULL, 'DATA_CS-import'),
  ('STHBKK012509000007', DATE '2025-09-02', '59244', 'นาย สนั่นศักดิ์  สมทอง', 2250, 'BKK01', 'Branch', 'BKK-Neng', NULL, 'DATA_CS-import'),
  ('STHBKK012509000008', DATE '2025-09-02', '65868', 'นาย ประวิต หล้าสุดตา', 1500, 'BKK01', 'Branch', 'Ketbkk', NULL, 'DATA_CS-import'),
  ('STHBKK012509000009', DATE '2025-09-02', '35245', 'บริษัท เศรษฐกวี จำกัด ( สำนักงานใหญ่ )', 10000, 'BKK01', 'Branch', 'BKK-Neng', NULL, 'DATA_CS-import'),
  ('STHBKK012509000010', DATE '2025-09-02', '64461', 'นางสาว สมพร สุพงศ์พาณิช', 5000, 'BKK01', 'Branch', 'Ketbkk', NULL, 'DATA_CS-import'),
  ('STHBKK012509000011', DATE '2025-09-02', '64461', 'นางสาว สมพร สุพงศ์พาณิช', 5000, 'BKK01', 'Branch', 'Ketbkk', NULL, 'DATA_CS-import'),
  ('STHBKK012509000013', DATE '2025-09-02', '42046', 'นาย ธนกร อภัยพงศ์', 550, 'BKK01', 'Branch', 'BKK-Neng', NULL, 'DATA_CS-import'),
  ('STHBKK012509000014', DATE '2025-09-02', '93097', 'นางสาว สายรุ้ง วุฒิยา', 2400, 'BKK01', 'Branch', 'Ketbkk', NULL, 'DATA_CS-import'),
  ('STHBKK012509000015', DATE '2025-09-02', '51406', 'บริษัท สวนสุข จำกัด(สำนักงานใหญ่)', 100, 'BKK01', 'Branch', 'BKK-Neng', NULL, 'DATA_CS-import'),
  ('STHBKK012509000016', DATE '2025-09-02', '52611', 'นาย ยงยุทธ แก้วสม', 2600, 'BKK01', 'Branch', 'Ketbkk', NULL, 'DATA_CS-import'),
  ('STHBKK012509000017', DATE '2025-09-02', '46423', 'นาย พานิช อวนศรี', 5100, 'BKK01', 'Branch', 'Ketbkk', NULL, 'DATA_CS-import'),
  ('STHBKK012509000018', DATE '2025-09-02', '68939', 'นาย อลงกร พลเยี่ยม + ภาวิดา คงสภาพ', 2600, 'BKK01', 'Branch', 'BKK-Neng', NULL, 'DATA_CS-import'),
  ('STHBKK012509000020', DATE '2025-09-02', '52247', 'นางสาว ธันย์ณิชา ชำนาญป่า', 10750, 'BKK01', 'Branch', 'BKK-Neng', NULL, 'DATA_CS-import'),
  ('STHBKK012509000021', DATE '2025-09-02', '81108', 'บริษัท ผักคะน้ากรอบ จำกัด(สำนักงานใหญ่)', 20450, 'BKK01', 'Branch', 'BKK-Neng', NULL, 'DATA_CS-import'),
  ('STHBKK012509000022', DATE '2025-09-02', '11136', 'ลัดดา เจริญโชติทรัพย์', 1550, 'BKK01', 'Branch', 'Ketbkk', NULL, 'DATA_CS-import'),
  ('STHBKK012509000023', DATE '2025-09-02', '51946', 'นาง สีแพร มังกรแก้ว', 10000, 'BKK01', 'Branch', 'BKK-Neng', NULL, 'DATA_CS-import'),
  ('STHBKK012509000024', DATE '2025-09-02', '28414', 'นาง ณัฎฐณันธ์ วงวันดี', 15000, 'BKK01', 'Branch', 'BKK-Neng', NULL, 'DATA_CS-import'),
  ('STHBKK012509000025', DATE '2025-09-02', '35227', 'นาย พีรพงศ์ ภรประเสริฐศรี', 4500, 'BKK01', 'Branch', 'Ketbkk', NULL, 'DATA_CS-import'),
  ('STHBKK012509000027', DATE '2025-09-02', '66932', 'นางสาว กัลยรัตน์ ฤทธิ์น้อย', 6500, 'BKK01', 'Branch', 'Ketbkk', NULL, 'DATA_CS-import'),
  ('STHBKK012509000028', DATE '2025-09-02', '60149', 'นางสาว หนึ่งฤทัย หอมละออ', 2600, 'BKK01', 'Branch', 'BKK-Neng', NULL, 'DATA_CS-import'),
  ('STHBKK012509000029', DATE '2025-09-02', '85407', 'Mr. CISSE  MOHAMED', 5100, 'BKK01', 'Branch', 'Ketbkk', NULL, 'DATA_CS-import'),
  ('STHBKK012509000030', DATE '2025-09-02', '69369', 'นางสาว สุรีพร มีเจตนา', 2600, 'BKK01', 'Branch', 'BKK-Neng', NULL, 'DATA_CS-import'),
  ('STHBKK012509000031', DATE '2025-09-02', '21828', 'นาย ธนบูลย์ แสงฐิตาพันธุ์', 32500, 'BKK01', 'Branch', 'BKK-Neng', NULL, 'DATA_CS-import'),
  ('STHBKK012509000032', DATE '2025-09-02', '70076', 'นาง อรุณพรรณ  กิ่งแก้ว', 2500, 'BKK01', 'Branch', 'BKK-Neng', NULL, 'DATA_CS-import'),
  ('STHBKK012509000033', DATE '2025-09-02', '19122', 'นาย สงขลา กายพันธุ์', 2600, 'BKK01', 'Branch', 'BKK-Neng', NULL, 'DATA_CS-import'),
  ('STHBKK012509000034', DATE '2025-09-02', '57499', 'นาย ทนงศักดิ์ รัตนบุรี&#9;&#9;', 2500, 'BKK01', 'Branch', 'BKK-Neng', NULL, 'DATA_CS-import'),
  ('STHBKK012509000035', DATE '2025-09-02', '62623', 'นาย ฉัตรชัย  ม่องคำหมื่น', 1000, 'BKK01', 'Branch', 'Ketbkk', NULL, 'DATA_CS-import'),
  ('STHBKK012509000037', DATE '2025-09-02', '95604', 'นาย ไพรสณฑ์ ทุมสูตร์', 300, 'BKK01', 'Branch', 'BKK-Neng', NULL, 'DATA_CS-import'),
  ('STHBKK012509000038', DATE '2025-09-02', '57499', 'นาย ทนงศักดิ์ รัตนบุรี&#9;&#9;', 5100, 'BKK01', 'Branch', 'BKK-Neng', NULL, 'DATA_CS-import'),
  ('STHBKK012509000040', DATE '2025-09-02', '95628', 'Ms. WONG CHIAN LIH', 300, 'BKK01', 'Branch', 'BKK-Neng', NULL, 'DATA_CS-import'),
  ('STHBUR2509000002', DATE '2025-09-02', '95592', 'Mr. U NAING LIN', 3250, 'BKK01', NULL, 'NamBUR', NULL, 'DATA_CS-import'),
  ('STHBUR2509000003', DATE '2025-09-02', '94247', 'Mr. KHUN ZAY YAR MOE', 450, 'BKK01', NULL, 'NamBUR', NULL, 'DATA_CS-import'),
  ('STHONLIN2509000006', DATE '2025-09-02', '45227', 'นางสาว ประภัสสร  ดีดวงพันธ์', 9000, 'BKK01', 'Online', NULL, NULL, 'DATA_CS-import'),
  ('STHONLIN2509000011', DATE '2025-09-02', '95548', 'Mr. Kanadei Kpwe Alang', 300, 'BKK01', 'Online', NULL, NULL, 'DATA_CS-import'),
  ('STHONLIN2509000017', DATE '2025-09-02', '95492', 'Mr. Godwin Amanui Ngongang', 5550, 'BKK01', 'Online', NULL, NULL, 'DATA_CS-import'),
  ('STHONLIN2509000028', DATE '2025-09-02', '95548', 'Mr. Kanadei Kpwe Alang', 2600, 'BKK01', 'Online', NULL, NULL, 'DATA_CS-import'),
  ('STHONLIN2509000037', DATE '2025-09-02', '95503', 'Ms. Mispa Osonge', 2600, 'BKK01', 'Online', NULL, NULL, 'DATA_CS-import'),
  ('STHONLIN2509000179', DATE '2025-09-02', '88485', 'Mr. BAMBA ABDUL HAMID', 3090, 'BKK01', 'Online', NULL, NULL, 'DATA_CS-import'),
  ('STHONLIN2509000180', DATE '2025-09-02', '90285', 'Mrs. MOHAMMED RUKAYATU', 2500, 'BKK01', 'Online', NULL, NULL, 'DATA_CS-import'),
  ('STHONLIN2509000181', DATE '2025-09-02', '51406', 'บริษัท สวนสุข จำกัด(สำนักงานใหญ่)', 2500, 'BKK01', 'Online', NULL, NULL, 'DATA_CS-import'),
  ('STHONLIN2509000182', DATE '2025-09-02', '51782', 'นาย สุวิทย์  รองชูเพ็ง', 5000, 'BKK01', 'Online', NULL, NULL, 'DATA_CS-import'),
  ('STHONLIN2509000192', DATE '2025-09-02', '62623', 'นาย ฉัตรชัย  ม่องคำหมื่น', 2600, 'BKK01', 'Online', NULL, NULL, 'DATA_CS-import'),
  ('STHBKK012509000043', DATE '2025-09-03', '90169', 'นาง ธานิยา สัจจะศิริ', 9000, 'BKK01', 'Branch', 'Ketbkk', NULL, 'DATA_CS-import'),
  ('STHBKK012509000044', DATE '2025-09-03', '66770', 'นาย อนุศิษฎ์  อนันตะ', 5000, 'BKK01', 'Branch', 'Ketbkk', NULL, 'DATA_CS-import'),
  ('STHBKK012509000045', DATE '2025-09-03', '46558', 'นางสาว ศิริรัตน์ แก้วม่วง', 4600, 'BKK01', 'Branch', 'Ketbkk', NULL, 'DATA_CS-import'),
  ('STHBKK012509000046', DATE '2025-09-03', '48973', 'นาย สิริศักดิ์ นมพุก', 25000, 'BKK01', 'Branch', 'Ketbkk', NULL, 'DATA_CS-import'),
  ('STHBKK012509000047', DATE '2025-09-03', '29621', 'นางสาว สุดาวรรณ์  จันทร์แดง', 2500, 'BKK01', 'Branch', 'Ketbkk', NULL, 'DATA_CS-import'),
  ('STHBKK012509000048', DATE '2025-09-03', '46927', 'นาย พิสิฐพงษ์  ยอดจันทร์', 5100, 'BKK01', 'Branch', 'Jack', NULL, 'DATA_CS-import'),
  ('STHBKK012509000049', DATE '2025-09-03', '87114', 'นางสาว วัลลภา พฤกษ์สุวรรณ์', 2350, 'BKK01', 'Branch', 'Jack', NULL, 'DATA_CS-import'),
  ('STHBKK012509000050', DATE '2025-09-03', '57773', 'นางสาว ดาวธิดา  วงมาเกษ', 1800, 'BKK01', 'Branch', 'Jack', NULL, 'DATA_CS-import'),
  ('STHBKK012509000051', DATE '2025-09-03', '19122', 'นาย สงขลา กายพันธุ์', 4600, 'BKK01', 'Branch', 'Jack', NULL, 'DATA_CS-import'),
  ('STHBKK012509000052', DATE '2025-09-03', '88725', 'นาง จุฑามาศ บุญใจ', 2600, 'BKK01', 'Branch', 'Jack', NULL, 'DATA_CS-import'),
  ('STHBKK012509000053', DATE '2025-09-03', '44035', 'นางสาว โสภา  นายสุข', 1500, 'BKK01', 'Branch', 'Jack', NULL, 'DATA_CS-import'),
  ('STHBKK012509000054', DATE '2025-09-03', '10002', 'นาย พัฒน์รดิศ สุพัฒน์วณิชกร', 5000, 'BKK01', 'Branch', 'Jack', NULL, 'DATA_CS-import'),
  ('STHBKK012509000055', DATE '2025-09-03', '90030', 'นาง สุวภัทร ปาละมะ', 1000, 'BKK01', 'Branch', 'Jack', NULL, 'DATA_CS-import'),
  ('STHBKK012509000056', DATE '2025-09-03', '62006', 'นางสาว รัตยา พรมแสน', 5100, 'BKK01', 'Branch', 'Jack', NULL, 'DATA_CS-import'),
  ('STHBKK012509000057', DATE '2025-09-03', '81665', 'Mr. MAI DUC MANH', 25000, 'BKK01', 'Branch', 'Jack', NULL, 'DATA_CS-import'),
  ('STHBKK012509000059', DATE '2025-09-03', '67621', 'นาย พิชิต ผิวสุข', 1250, 'BKK01', 'Branch', 'Jack', NULL, 'DATA_CS-import'),
  ('STHBKK012509000061', DATE '2025-09-03', '10001', 'บริษัท สว่างทรัพย์ จำกัด (สำนักงานใหญ่)', 4550, 'BKK01', 'Branch', 'Ketbkk', NULL, 'DATA_CS-import'),
  ('STHBKK012509000063', DATE '2025-09-03', '95726', 'นาย ณวัสน์ นพคุณสีหรัฐ', 300, 'BKK01', 'Branch', 'Ketbkk', NULL, 'DATA_CS-import'),
  ('STHBKK012509000065', DATE '2025-09-03', '63830', 'นางสาว วัชรี    ด้วงนคร', 2600, 'BKK01', 'Branch', 'Jack', NULL, 'DATA_CS-import'),
  ('STHBKK012509000066', DATE '2025-09-03', '10008', 'บริษัท เค24 โกลบอล จำกัด (สำนักงานใหญ่)', 3000, 'BKK01', 'Branch', 'Ketbkk', NULL, 'DATA_CS-import'),
  ('STHBKK012509000067', DATE '2025-09-03', '10281', 'นางสาว ริญญ์รภัส ศรีศุภณัฐธนากุล', 4500, 'BKK01', 'Branch', 'Ketbkk', NULL, 'DATA_CS-import'),
  ('STHBKK012509000068', DATE '2025-09-03', '21971', 'นางสาว นฤชา  แสงระวี', 3000, 'BKK01', 'Branch', 'Ketbkk', NULL, 'DATA_CS-import'),
  ('STHBKK012509000069', DATE '2025-09-03', '10684', 'นาย คมสันช์  ชาญธนโชค', 4500, 'BKK01', 'Branch', 'Ketbkk', NULL, 'DATA_CS-import'),
  ('STHONLIN2509000241', DATE '2025-09-03', '45227', 'นางสาว ประภัสสร  ดีดวงพันธ์', 5800, 'BKK01', 'Online', NULL, NULL, 'DATA_CS-import'),
  ('STHONLIN2509000248', DATE '2025-09-03', '95644', 'Mr. Abdouraman   Ousmanou', 300, 'BKK01', 'Online', NULL, NULL, 'DATA_CS-import'),
  ('STHONLIN2509000398', DATE '2025-09-03', '95708', 'จุฑามาศ ครุฑกษัติย์ไทย', 300, 'BKK01', 'Online', NULL, NULL, 'DATA_CS-import'),
  ('STHONLIN2509000408', DATE '2025-09-03', '72839', 'นาง ทัศนา เลื่อมสำราญ', 20000, 'BKK01', 'Online', NULL, NULL, 'DATA_CS-import'),
  ('STHONLIN2509000421', DATE '2025-09-03', '47787', 'ห้างหุ้นส่วน โกรท โกลเบิล เน็ตเวิร์ก (สำนักงานใหญ่)', 10000, 'BKK01', 'Online', NULL, NULL, 'DATA_CS-import'),
  ('STHBKK012509000070', DATE '2025-09-04', '57426', 'นาย เอกสิทธิ์ ชำนาญผา', 3050, 'BKK01', 'Branch', 'BKK-Neng', NULL, 'DATA_CS-import'),
  ('STHBKK012509000071', DATE '2025-09-04', '16390', 'นาย บุญสม อุดมรักษ์', 4600, 'BKK01', 'Branch', 'Ketbkk', NULL, 'DATA_CS-import'),
  ('STHBKK012509000072', DATE '2025-09-04', '42095', 'นางสาว ดารดี ญาณกวี', 4500, 'BKK01', 'Branch', 'BKK-Neng', NULL, 'DATA_CS-import'),
  ('STHBKK012509000073', DATE '2025-09-04', '81108', 'บริษัท ผักคะน้ากรอบ จำกัด(สำนักงานใหญ่)', 19800, 'BKK01', 'Branch', 'BKK-Neng', NULL, 'DATA_CS-import'),
  ('STHBKK012509000074', DATE '2025-09-04', '82663', 'นาย พรชัย พันธ์อยู่', 5100, 'BKK01', 'Branch', 'BKK-Neng', NULL, 'DATA_CS-import'),
  ('STHBKK012509000075', DATE '2025-09-04', '49943', 'นางสาว กนกภรณ์  จำปาเวียง', 2600, 'BKK01', 'Branch', 'BKK-Neng', NULL, 'DATA_CS-import'),
  ('STHBKK012509000076', DATE '2025-09-04', '78630', 'นาย ปัญญา เวียกไธสง', 4600, 'BKK01', 'Branch', 'CatBkk', NULL, 'DATA_CS-import'),
  ('STHBKK012509000077', DATE '2025-09-04', '19122', 'นาย สงขลา กายพันธุ์', 580, 'BKK01', 'Branch', 'BKK-Neng', NULL, 'DATA_CS-import'),
  ('STHBKK012509000078', DATE '2025-09-04', '22332', 'นางสาว คณาง ไพรบึง', 25000, 'BKK01', 'Branch', 'BKK-Neng', NULL, 'DATA_CS-import'),
  ('STHBKK012509000079', DATE '2025-09-04', '19122', 'นาย สงขลา กายพันธุ์', 200, 'BKK01', 'Branch', 'Jack', NULL, 'DATA_CS-import'),
  ('STHBKK012509000080', DATE '2025-09-04', '48910', 'วาสนา ดิษปัญญา', 950, 'BKK01', 'Branch', 'BKK-Neng', NULL, 'DATA_CS-import'),
  ('STHBKK012509000081', DATE '2025-09-04', '50557', 'นางสาว ดาณี หมัดหมัน', 2500, 'BKK01', 'Branch', 'BKK-Neng', NULL, 'DATA_CS-import'),
  ('STHBKK012509000083', DATE '2025-09-04', '95867', 'นางสาว ทองคำ พนารักษ์', 300, 'BKK01', 'Branch', 'BKK-Neng', NULL, 'DATA_CS-import'),
  ('STHBKK012509000084', DATE '2025-09-04', '77864', 'นาย อดุลย์ คุณสุข', 15000, 'BKK01', 'Branch', 'BKK-Neng', NULL, 'DATA_CS-import'),
  ('STHBKK012509000085', DATE '2025-09-04', '22332', 'นางสาว คณาง ไพรบึง', 14500, 'BKK01', 'Branch', 'Ketbkk', NULL, 'DATA_CS-import'),
  ('STHBKK012509000086', DATE '2025-09-04', '70472', 'นาย อิทธิพล วิทยาเรืองศรี', 10000, 'BKK01', 'Branch', 'Ketbkk', NULL, 'DATA_CS-import'),
  ('STHBKK012509000087', DATE '2025-09-04', '59269', 'นางสาว นิตยา จงเรียน', 2600, 'BKK01', 'Branch', 'Ketbkk', NULL, 'DATA_CS-import'),
  ('STHBKK012509000088', DATE '2025-09-04', '54763', 'นาย บูชาติ หาดสร้อย', 4500, 'BKK01', 'Branch', 'BKK-Neng', NULL, 'DATA_CS-import'),
  ('STHBKK012509000089', DATE '2025-09-04', '49253', 'นางสาว อภิรดี  กิจนิกร', 1500, 'BKK01', 'Branch', 'BKK-Neng', NULL, 'DATA_CS-import'),
  ('STHBKK012509000090', DATE '2025-09-04', '53249', 'ห้างหุ้นส่วน ปูแดงพารวย ( สำนักงานใหญ่)', 21100, 'BKK01', 'Branch', 'BKK-Neng', NULL, 'DATA_CS-import'),
  ('STHBKK012509000091', DATE '2025-09-04', '77486', 'นาย ณรงค์ ตะสันเทียะ', 5100, 'BKK01', 'Branch', 'BKK-Neng', NULL, 'DATA_CS-import'),
  ('STHONLIN2509000791', DATE '2025-09-04', '51166', 'นาย ดิเรก  กรีฑา', 5100, 'BKK01', 'Online', NULL, NULL, 'DATA_CS-import'),
  ('STHONLIN2509000792', DATE '2025-09-04', '50595', 'นางสาว วันวิสาข แก้วแกมทอง', 5000, 'BKK01', 'Online', NULL, NULL, 'DATA_CS-import'),
  ('STHBKK012509000092', DATE '2025-09-05', '66770', 'นาย อนุศิษฎ์  อนันตะ', 2500, 'BKK01', 'Branch', 'Jack', NULL, 'DATA_CS-import'),
  ('STHBKK012509000093', DATE '2025-09-05', '45193', 'นาง ศิลา  สงอาจินต์', 2500, 'BKK01', 'Branch', 'BKK-Neng', NULL, 'DATA_CS-import'),
  ('STHBKK012509000094', DATE '2025-09-05', '61576', 'นาง ผุสดี ดีมั่น', 5100, 'BKK01', 'Branch', 'Jack', NULL, 'DATA_CS-import'),
  ('STHBKK012509000095', DATE '2025-09-05', '62146', 'นางสาว พิกุล กลิ่นฟุ้ง', 5000, 'BKK01', 'Branch', 'BKK-Neng', NULL, 'DATA_CS-import'),
  ('STHBKK012509000096', DATE '2025-09-05', '22341', 'นางสาว มัลลิกา พลรัตน์', 2600, 'BKK01', 'Branch', 'BKK-Neng', NULL, 'DATA_CS-import'),
  ('STHBKK012509000097', DATE '2025-09-05', '81108', 'บริษัท ผักคะน้ากรอบ จำกัด(สำนักงานใหญ่)', 10200, 'BKK01', 'Branch', 'BKK-Neng', NULL, 'DATA_CS-import'),
  ('STHBKK012509000098', DATE '2025-09-05', '13781', 'นาย สุรวัฒน์ ตั้งพงศ์ศิรประภา', 1400, 'BKK01', 'Branch', 'BKK-Neng', NULL, 'DATA_CS-import'),
  ('STHBKK012509000100', DATE '2025-09-05', '54763', 'นาย บูชาติ หาดสร้อย', 15000, 'BKK01', 'Branch', 'BKK-Neng', NULL, 'DATA_CS-import'),
  ('STHBKK012509000101', DATE '2025-09-05', '46778', 'นาย ปรีชา  แก้วโกถม', 2850, 'BKK01', 'Branch', 'BKK-Neng', NULL, 'DATA_CS-import'),
  ('STHBKK012509000102', DATE '2025-09-05', '46778', 'นาย ปรีชา  แก้วโกถม', 4600, 'BKK01', 'Branch', 'BKK-Neng', NULL, 'DATA_CS-import'),
  ('STHBKK012509000104', DATE '2025-09-05', '62490', 'นาย สรกล เกตุขำ', 1500, 'BKK01', 'Branch', 'BKK-Neng', NULL, 'DATA_CS-import'),
  ('STHBKK012509000105', DATE '2025-09-05', '36928', 'นาง ฐานมญ ชลคีรี', 4500, 'BKK01', 'Branch', 'BKK-Neng', NULL, 'DATA_CS-import'),
  ('STHBKK012509000106', DATE '2025-09-05', '67909', 'นางสาว สุธรรมา กุสันเทียะ', 10000, 'BKK01', 'Branch', 'BKK-Neng', NULL, 'DATA_CS-import'),
  ('STHBKK012509000107', DATE '2025-09-05', '24368', 'นาย ไทคูณ ไพรบึง', 1500, 'BKK01', 'Branch', 'BKK-Neng', NULL, 'DATA_CS-import'),
  ('STHBKK012509000108', DATE '2025-09-05', '25026', 'นาย เอนก กอนาก', 4600, 'BKK01', 'Branch', 'BKK-Neng', NULL, 'DATA_CS-import'),
  ('STHBKK012509000109', DATE '2025-09-05', '21384', 'บริษัท เอ็น.พี มาร์เก็ตติ้ง แบรนด์ จำกัด(สำนักงานใหญ่)', 5100, 'BKK01', 'Branch', 'BKK-Neng', NULL, 'DATA_CS-import'),
  ('STHBKK012509000110', DATE '2025-09-05', '10001', 'บริษัท สว่างทรัพย์ จำกัด (สำนักงานใหญ่)', 13180, 'BKK01', 'Branch', 'BKK-Neng', NULL, 'DATA_CS-import'),
  ('STHBKK012509000111', DATE '2025-09-05', '23221', 'นางสาว รัชตวรรณ เนาวสินธ์', 1500, 'BKK01', 'Branch', 'BKK-Neng', NULL, 'DATA_CS-import')
ON CONFLICT (bill_no) DO UPDATE SET
  amount = EXCLUDED.amount,
  member_code = COALESCE(EXCLUDED.member_code, daily_sale_bills.member_code),
  member_name = COALESCE(EXCLUDED.member_name, daily_sale_bills.member_name),
  branch = COALESCE(EXCLUDED.branch, daily_sale_bills.branch),
  channel = COALESCE(EXCLUDED.channel, daily_sale_bills.channel),
  recorded_by = COALESCE(EXCLUDED.recorded_by, daily_sale_bills.recorded_by),
  notes = COALESCE(EXCLUDED.notes, daily_sale_bills.notes);

-- -- Table A -> daily_sale_payments (breakdown per bill)
INSERT INTO daily_sale_payments (bill_no, sale_date, amount, cash, transfer, credit_card, ewallet, gift_voucher, qr_payment, commission_deduct, arp_amount, source_file) VALUES
  ('STHBKK012509000001', DATE '2025-09-01', 1500, 0, 1500, 0, 0, 0, 0, 0, 0, 'DATA_CS-import'),
  ('STHBKK012509000002', DATE '2025-09-01', 32000, 0, 32000, 0, 0, 0, 0, 0, 0, 'DATA_CS-import'),
  ('STHBKK012509000003', DATE '2025-09-01', 3400, 0, 3400, 0, 0, 0, 0, 0, 0, 'DATA_CS-import'),
  ('STHBKK012509000004', DATE '2025-09-01', 15000, 0, 15000, 0, 0, 0, 0, 0, 0, 'DATA_CS-import'),
  ('STHONLIN2508006769', DATE '2025-09-01', 300, 0, 0, 0, 0, 0, 300, 0, 0, 'DATA_CS-import'),
  ('STHONLIN2508006779', DATE '2025-09-01', 300, 0, 0, 0, 0, 0, 300, 0, 0, 'DATA_CS-import'),
  ('STHONLIN2508006787', DATE '2025-09-01', 2400, 0, 0, 2400, 0, 0, 0, 0, 0, 'DATA_CS-import'),
  ('STHONLIN2508006788', DATE '2025-09-01', 4500, 0, 0, 4500, 0, 0, 0, 0, 0, 'DATA_CS-import'),
  ('STHONLIN2508006797', DATE '2025-09-01', 5000, 0, 0, 5000, 0, 0, 0, 0, 0, 'DATA_CS-import'),
  ('STHONLIN2508006805', DATE '2025-09-01', 300, 0, 0, 0, 0, 0, 300, 0, 0, 'DATA_CS-import'),
  ('STHONLIN2509000001', DATE '2025-09-01', 5200, 0, 0, 5200, 0, 0, 0, 0, 0, 'DATA_CS-import'),
  ('STHONLIN2509000003', DATE '2025-09-01', 10000, 0, 0, 10000, 0, 0, 0, 0, 0, 'DATA_CS-import'),
  ('STHONLIN2509000004', DATE '2025-09-01', 10000, 0, 0, 10000, 0, 0, 0, 0, 0, 'DATA_CS-import'),
  ('STHBKK012509000005', DATE '2025-09-02', 1000, 0, 1000, 0, 0, 0, 0, 0, 0, 'DATA_CS-import'),
  ('STHBKK012509000007', DATE '2025-09-02', 2250, 0, 2250, 0, 0, 0, 0, 0, 0, 'DATA_CS-import'),
  ('STHBKK012509000008', DATE '2025-09-02', 1500, 0, 1500, 0, 0, 0, 0, 0, 0, 'DATA_CS-import'),
  ('STHBKK012509000009', DATE '2025-09-02', 10000, 0, 10000, 0, 0, 0, 0, 0, 0, 'DATA_CS-import'),
  ('STHBKK012509000010', DATE '2025-09-02', 5000, 5000, 0, 0, 0, 0, 0, 0, 0, 'DATA_CS-import'),
  ('STHBKK012509000011', DATE '2025-09-02', 5000, 5000, 0, 0, 0, 0, 0, 0, 0, 'DATA_CS-import'),
  ('STHBKK012509000013', DATE '2025-09-02', 550, 0, 550, 0, 0, 0, 0, 0, 0, 'DATA_CS-import'),
  ('STHBKK012509000014', DATE '2025-09-02', 2400, 0, 2400, 0, 0, 0, 0, 0, 0, 'DATA_CS-import'),
  ('STHBKK012509000015', DATE '2025-09-02', 100, 0, 100, 0, 0, 0, 0, 0, 0, 'DATA_CS-import'),
  ('STHBKK012509000016', DATE '2025-09-02', 2600, 0, 2600, 0, 0, 0, 0, 0, 0, 'DATA_CS-import'),
  ('STHBKK012509000017', DATE '2025-09-02', 5100, 0, 5100, 0, 0, 0, 0, 0, 0, 'DATA_CS-import'),
  ('STHBKK012509000018', DATE '2025-09-02', 2600, 0, 2600, 0, 0, 0, 0, 0, 0, 'DATA_CS-import'),
  ('STHBKK012509000020', DATE '2025-09-02', 10750, 0, 10750, 0, 0, 0, 0, 0, 0, 'DATA_CS-import'),
  ('STHBKK012509000021', DATE '2025-09-02', 20450, 0, 20450, 0, 0, 0, 0, 0, 0, 'DATA_CS-import'),
  ('STHBKK012509000022', DATE '2025-09-02', 1550, 0, 1550, 0, 0, 0, 0, 0, 0, 'DATA_CS-import'),
  ('STHBKK012509000023', DATE '2025-09-02', 10000, 0, 10000, 0, 0, 0, 0, 0, 0, 'DATA_CS-import'),
  ('STHBKK012509000024', DATE '2025-09-02', 15000, 0, 15000, 0, 0, 0, 0, 0, 0, 'DATA_CS-import'),
  ('STHBKK012509000025', DATE '2025-09-02', 4500, 0, 0, 4500, 0, 0, 0, 0, 0, 'DATA_CS-import'),
  ('STHBKK012509000027', DATE '2025-09-02', 6500, 0, 6500, 0, 0, 0, 0, 0, 0, 'DATA_CS-import'),
  ('STHBKK012509000028', DATE '2025-09-02', 2600, 0, 2600, 0, 0, 0, 0, 0, 0, 'DATA_CS-import'),
  ('STHBKK012509000029', DATE '2025-09-02', 5100, 0, 5100, 0, 0, 0, 0, 0, 0, 'DATA_CS-import'),
  ('STHBKK012509000030', DATE '2025-09-02', 2600, 0, 2600, 0, 0, 0, 0, 0, 0, 'DATA_CS-import'),
  ('STHBKK012509000031', DATE '2025-09-02', 32500, 15500, 0, 17000, 0, 0, 0, 0, 0, 'DATA_CS-import'),
  ('STHBKK012509000032', DATE '2025-09-02', 2500, 0, 2500, 0, 0, 0, 0, 0, 0, 'DATA_CS-import'),
  ('STHBKK012509000033', DATE '2025-09-02', 2600, 0, 2600, 0, 0, 0, 0, 0, 0, 'DATA_CS-import'),
  ('STHBKK012509000034', DATE '2025-09-02', 2500, 0, 2500, 0, 0, 0, 0, 0, 0, 'DATA_CS-import'),
  ('STHBKK012509000035', DATE '2025-09-02', 1000, 0, 0, 0, 0, 0, 1000, 0, 0, 'DATA_CS-import'),
  ('STHBKK012509000037', DATE '2025-09-02', 300, 0, 300, 0, 0, 0, 0, 0, 0, 'DATA_CS-import'),
  ('STHBKK012509000038', DATE '2025-09-02', 5100, 0, 5100, 0, 0, 0, 0, 0, 0, 'DATA_CS-import'),
  ('STHBKK012509000040', DATE '2025-09-02', 300, 0, 300, 0, 0, 0, 0, 0, 0, 'DATA_CS-import'),
  ('STHBUR2509000002', DATE '2025-09-02', 3250, 0, 3250, 0, 0, 0, 0, 0, 0, 'DATA_CS-import'),
  ('STHBUR2509000003', DATE '2025-09-02', 450, 0, 450, 0, 0, 0, 0, 0, 0, 'DATA_CS-import'),
  ('STHONLIN2509000006', DATE '2025-09-02', 9000, 0, 0, 9000, 0, 0, 0, 0, 0, 'DATA_CS-import'),
  ('STHONLIN2509000011', DATE '2025-09-02', 300, 0, 0, 0, 0, 0, 300, 0, 0, 'DATA_CS-import'),
  ('STHONLIN2509000017', DATE '2025-09-02', 5550, 0, 0, 0, 0, 0, 5550, 0, 0, 'DATA_CS-import'),
  ('STHONLIN2509000028', DATE '2025-09-02', 2600, 0, 0, 0, 0, 0, 2600, 0, 0, 'DATA_CS-import'),
  ('STHONLIN2509000037', DATE '2025-09-02', 2600, 0, 0, 0, 0, 0, 2600, 0, 0, 'DATA_CS-import'),
  ('STHONLIN2509000179', DATE '2025-09-02', 3090, 0, 0, 0, 3090, 0, 0, 0, 0, 'DATA_CS-import'),
  ('STHONLIN2509000180', DATE '2025-09-02', 2500, 0, 0, 0, 2500, 0, 0, 0, 0, 'DATA_CS-import'),
  ('STHONLIN2509000181', DATE '2025-09-02', 2500, 0, 0, 2500, 0, 0, 0, 0, 0, 'DATA_CS-import'),
  ('STHONLIN2509000182', DATE '2025-09-02', 5000, 0, 0, 5000, 0, 0, 0, 0, 0, 'DATA_CS-import'),
  ('STHONLIN2509000192', DATE '2025-09-02', 2600, 0, 0, 0, 0, 0, 2600, 0, 0, 'DATA_CS-import'),
  ('STHBKK012509000043', DATE '2025-09-03', 9000, 0, 9000, 0, 0, 0, 0, 0, 0, 'DATA_CS-import'),
  ('STHBKK012509000044', DATE '2025-09-03', 5000, 0, 5000, 0, 0, 0, 0, 0, 0, 'DATA_CS-import'),
  ('STHBKK012509000045', DATE '2025-09-03', 4600, 0, 4600, 0, 0, 0, 0, 0, 0, 'DATA_CS-import'),
  ('STHBKK012509000046', DATE '2025-09-03', 25000, 0, 25000, 0, 0, 0, 0, 0, 0, 'DATA_CS-import'),
  ('STHBKK012509000047', DATE '2025-09-03', 2500, 0, 2500, 0, 0, 0, 0, 0, 0, 'DATA_CS-import'),
  ('STHBKK012509000048', DATE '2025-09-03', 5100, 0, 5100, 0, 0, 0, 0, 0, 0, 'DATA_CS-import'),
  ('STHBKK012509000049', DATE '2025-09-03', 2350, 0, 2350, 0, 0, 0, 0, 0, 0, 'DATA_CS-import'),
  ('STHBKK012509000050', DATE '2025-09-03', 1800, 0, 1800, 0, 0, 0, 0, 0, 0, 'DATA_CS-import'),
  ('STHBKK012509000051', DATE '2025-09-03', 4600, 0, 4600, 0, 0, 0, 0, 0, 0, 'DATA_CS-import'),
  ('STHBKK012509000052', DATE '2025-09-03', 2600, 0, 2600, 0, 0, 0, 0, 0, 0, 'DATA_CS-import'),
  ('STHBKK012509000053', DATE '2025-09-03', 1500, 0, 1500, 0, 0, 0, 0, 0, 0, 'DATA_CS-import'),
  ('STHBKK012509000054', DATE '2025-09-03', 5000, 0, 5000, 0, 0, 0, 0, 0, 0, 'DATA_CS-import'),
  ('STHBKK012509000055', DATE '2025-09-03', 1000, 0, 1000, 0, 0, 0, 0, 0, 0, 'DATA_CS-import'),
  ('STHBKK012509000056', DATE '2025-09-03', 5100, 0, 5100, 0, 0, 0, 0, 0, 0, 'DATA_CS-import'),
  ('STHBKK012509000057', DATE '2025-09-03', 25000, 0, 19900, 0, 5100, 0, 0, 0, 0, 'DATA_CS-import'),
  ('STHBKK012509000059', DATE '2025-09-03', 1250, 0, 1250, 0, 0, 0, 0, 0, 0, 'DATA_CS-import'),
  ('STHBKK012509000061', DATE '2025-09-03', 4550, 0, 0, 0, 0, 0, 4550, 0, 0, 'DATA_CS-import'),
  ('STHBKK012509000063', DATE '2025-09-03', 300, 0, 0, 0, 0, 0, 300, 0, 0, 'DATA_CS-import'),
  ('STHBKK012509000065', DATE '2025-09-03', 2600, 0, 2600, 0, 0, 0, 0, 0, 0, 'DATA_CS-import'),
  ('STHBKK012509000066', DATE '2025-09-03', 3000, 0, 0, 3000, 0, 0, 0, 0, 0, 'DATA_CS-import'),
  ('STHBKK012509000067', DATE '2025-09-03', 4500, 0, 0, 4500, 0, 0, 0, 0, 0, 'DATA_CS-import'),
  ('STHBKK012509000068', DATE '2025-09-03', 3000, 0, 0, 3000, 0, 0, 0, 0, 0, 'DATA_CS-import'),
  ('STHBKK012509000069', DATE '2025-09-03', 4500, 0, 0, 4500, 0, 0, 0, 0, 0, 'DATA_CS-import'),
  ('STHONLIN2509000241', DATE '2025-09-03', 5800, 0, 0, 5800, 0, 0, 0, 0, 0, 'DATA_CS-import'),
  ('STHONLIN2509000248', DATE '2025-09-03', 300, 0, 0, 0, 0, 0, 300, 0, 0, 'DATA_CS-import'),
  ('STHONLIN2509000398', DATE '2025-09-03', 300, 0, 0, 0, 0, 0, 300, 0, 0, 'DATA_CS-import'),
  ('STHONLIN2509000408', DATE '2025-09-03', 20000, 0, 0, 20000, 0, 0, 0, 0, 0, 'DATA_CS-import'),
  ('STHONLIN2509000421', DATE '2025-09-03', 10000, 0, 0, 10000, 0, 0, 0, 0, 0, 'DATA_CS-import'),
  ('STHBKK012509000070', DATE '2025-09-04', 3050, 0, 3050, 0, 0, 0, 0, 0, 0, 'DATA_CS-import'),
  ('STHBKK012509000071', DATE '2025-09-04', 4600, 0, 4600, 0, 0, 0, 0, 0, 0, 'DATA_CS-import'),
  ('STHBKK012509000072', DATE '2025-09-04', 4500, 0, 4500, 0, 0, 0, 0, 0, 0, 'DATA_CS-import'),
  ('STHBKK012509000073', DATE '2025-09-04', 19800, 0, 19800, 0, 0, 0, 0, 0, 0, 'DATA_CS-import'),
  ('STHBKK012509000074', DATE '2025-09-04', 5100, 0, 5100, 0, 0, 0, 0, 0, 0, 'DATA_CS-import'),
  ('STHBKK012509000075', DATE '2025-09-04', 2600, 0, 2600, 0, 0, 0, 0, 0, 0, 'DATA_CS-import'),
  ('STHBKK012509000076', DATE '2025-09-04', 4600, 0, 4600, 0, 0, 0, 0, 0, 0, 'DATA_CS-import'),
  ('STHBKK012509000077', DATE '2025-09-04', 580, 0, 0, 0, 0, 0, 580, 0, 0, 'DATA_CS-import'),
  ('STHBKK012509000078', DATE '2025-09-04', 25000, 0, 0, 0, 25000, 0, 0, 0, 0, 'DATA_CS-import'),
  ('STHBKK012509000079', DATE '2025-09-04', 200, 0, 0, 0, 0, 0, 200, 0, 0, 'DATA_CS-import'),
  ('STHBKK012509000080', DATE '2025-09-04', 950, 0, 950, 0, 0, 0, 0, 0, 0, 'DATA_CS-import'),
  ('STHBKK012509000081', DATE '2025-09-04', 2500, 0, 2500, 0, 0, 0, 0, 0, 0, 'DATA_CS-import'),
  ('STHBKK012509000083', DATE '2025-09-04', 300, 0, 300, 0, 0, 0, 0, 0, 0, 'DATA_CS-import'),
  ('STHBKK012509000084', DATE '2025-09-04', 15000, 0, 15000, 0, 0, 0, 0, 0, 0, 'DATA_CS-import'),
  ('STHBKK012509000085', DATE '2025-09-04', 14500, 0, 0, 0, 14500, 0, 0, 0, 0, 'DATA_CS-import'),
  ('STHBKK012509000086', DATE '2025-09-04', 10000, 0, 10000, 0, 0, 0, 0, 0, 0, 'DATA_CS-import'),
  ('STHBKK012509000087', DATE '2025-09-04', 2600, 0, 2600, 0, 0, 0, 0, 0, 0, 'DATA_CS-import'),
  ('STHBKK012509000088', DATE '2025-09-04', 4500, 0, 4500, 0, 0, 0, 0, 0, 0, 'DATA_CS-import'),
  ('STHBKK012509000089', DATE '2025-09-04', 1500, 0, 1500, 0, 0, 0, 0, 0, 0, 'DATA_CS-import'),
  ('STHBKK012509000090', DATE '2025-09-04', 21100, 0, 21100, 0, 0, 0, 0, 0, 0, 'DATA_CS-import'),
  ('STHBKK012509000091', DATE '2025-09-04', 5100, 0, 5100, 0, 0, 0, 0, 0, 0, 'DATA_CS-import'),
  ('STHONLIN2509000791', DATE '2025-09-04', 5100, 0, 0, 0, 0, 0, 5100, 0, 0, 'DATA_CS-import'),
  ('STHONLIN2509000792', DATE '2025-09-04', 5000, 0, 0, 5000, 0, 0, 0, 0, 0, 'DATA_CS-import'),
  ('STHBKK012509000092', DATE '2025-09-05', 2500, 0, 2500, 0, 0, 0, 0, 0, 0, 'DATA_CS-import'),
  ('STHBKK012509000093', DATE '2025-09-05', 2500, 0, 2500, 0, 0, 0, 0, 0, 0, 'DATA_CS-import'),
  ('STHBKK012509000094', DATE '2025-09-05', 5100, 0, 5100, 0, 0, 0, 0, 0, 0, 'DATA_CS-import'),
  ('STHBKK012509000095', DATE '2025-09-05', 5000, 0, 5000, 0, 0, 0, 0, 0, 0, 'DATA_CS-import'),
  ('STHBKK012509000096', DATE '2025-09-05', 2600, 0, 2600, 0, 0, 0, 0, 0, 0, 'DATA_CS-import'),
  ('STHBKK012509000097', DATE '2025-09-05', 10200, 0, 10200, 0, 0, 0, 0, 0, 0, 'DATA_CS-import'),
  ('STHBKK012509000098', DATE '2025-09-05', 1400, 0, 0, 1400, 0, 0, 0, 0, 0, 'DATA_CS-import'),
  ('STHBKK012509000100', DATE '2025-09-05', 15000, 0, 15000, 0, 0, 0, 0, 0, 0, 'DATA_CS-import'),
  ('STHBKK012509000101', DATE '2025-09-05', 2850, 0, 2850, 0, 0, 0, 0, 0, 0, 'DATA_CS-import'),
  ('STHBKK012509000102', DATE '2025-09-05', 4600, 0, 4600, 0, 0, 0, 0, 0, 0, 'DATA_CS-import'),
  ('STHBKK012509000104', DATE '2025-09-05', 1500, 0, 1500, 0, 0, 0, 0, 0, 0, 'DATA_CS-import'),
  ('STHBKK012509000105', DATE '2025-09-05', 4500, 0, 0, 0, 4500, 0, 0, 0, 0, 'DATA_CS-import'),
  ('STHBKK012509000106', DATE '2025-09-05', 10000, 0, 10000, 0, 0, 0, 0, 0, 0, 'DATA_CS-import'),
  ('STHBKK012509000107', DATE '2025-09-05', 1500, 0, 1500, 0, 0, 0, 0, 0, 0, 'DATA_CS-import'),
  ('STHBKK012509000108', DATE '2025-09-05', 4600, 0, 4600, 0, 0, 0, 0, 0, 0, 'DATA_CS-import'),
  ('STHBKK012509000109', DATE '2025-09-05', 5100, 0, 5100, 0, 0, 0, 0, 0, 0, 'DATA_CS-import'),
  ('STHBKK012509000110', DATE '2025-09-05', 13180, 0, 0, 0, 13180, 0, 0, 0, 0, 'DATA_CS-import'),
  ('STHBKK012509000111', DATE '2025-09-05', 1500, 0, 0, 0, 1500, 0, 0, 0, 0, 'DATA_CS-import')
ON CONFLICT (bill_no) DO UPDATE SET
  cash = EXCLUDED.cash,
  transfer = EXCLUDED.transfer,
  credit_card = EXCLUDED.credit_card,
  ewallet = EXCLUDED.ewallet,
  gift_voucher = EXCLUDED.gift_voucher,
  qr_payment = EXCLUDED.qr_payment,
  commission_deduct = EXCLUDED.commission_deduct,
  arp_amount = EXCLUDED.arp_amount;

-- -- Table B -> daily_sale_bills (shipping / CheckBillOnline notes)
-- Same bill_no as Table A sometimes; UPSERT with COALESCE merges notes/channel
INSERT INTO daily_sale_bills (bill_no, sale_date, member_code, member_name, amount, branch, channel, notes, source_file) VALUES
  ('STHONLIN2511000177', DATE '2025-11-02', '87820', 'Mr. FREDERICK BALOKO', 5000, 'BKK01', 'Online', 'รับเอง กทม.', 'DATA_CS-import'),
  ('STHONLIN2511000178', DATE '2025-11-02', '42095', 'นางสาว ดารดี ญาณกวี', 4500, 'BKK01', 'Online', 'รับเอง กทม.', 'DATA_CS-import'),
  ('STHONLIN2511000181', DATE '2025-11-02', '50342', 'นาย จักรพงศ์ สินธุรักษ์', 1200, 'NB', 'Online', 'รับเอง DP', 'DATA_CS-import'),
  ('STHONLIN2511000087', DATE '2025-11-02', '51660', 'นาย เก่งภพ ศุภาภพปภาส', 35, 'BKK01', 'Online', 'รับเอง กทม.', 'DATA_CS-import'),
  ('STHONLIN2511000198', DATE '2025-11-02', '13762', 'นางสาว สุชานันท์ สะตะ', 37, 'BKK01', 'Online', 'รับเอง กทม.', 'DATA_CS-import'),
  ('STHONLIN2511000296', DATE '2025-11-03', '43380', 'นางสาว พัชรมณฑ์ พรมทา', 10000, 'BKK01', 'Online', 'จัดส่ง กทม.', 'DATA_CS-import'),
  ('STHONLIN2511000297', DATE '2025-11-03', '83352', 'นาย สาธิต คำรังษี', 25000, 'BKK01', 'Online', 'รับเอง กทม.', 'DATA_CS-import'),
  ('STHONLIN2511000607', DATE '2025-11-04', '89807', 'Mr. Mbutuh Nvenyi Celestine', 9900, 'BKK01', 'Online', 'จัดส่ง กทม.', 'DATA_CS-import'),
  ('STHONLIN2511000633', DATE '2025-11-04', '62490', 'นาย สรกล เกตุขำ', 350, 'BKK01', 'Online', 'จัดส่ง กทม.', 'DATA_CS-import'),
  ('STHONLIN2511000655', DATE '2025-11-04', '73660', 'นาง ปวีณา   ปาทา', 3400, 'BKK01', 'Online', 'จัดส่ง กทม.', 'DATA_CS-import'),
  ('STHONLIN2511000931', DATE '2025-11-05', '52669', 'บริษัท โคบาราเอฟโวลูชั่น (ประเทศไทย)จำกัด ( สำนักงานใหญ่ )', 19700, 'BKK01', 'Online', 'รับเอง กทม.', 'DATA_CS-import'),
  ('STHONLIN2511000933', DATE '2025-11-05', '95495', 'Mrs. Judith Kechoyu Nvenyi', 12950, 'BKK01', 'Online', 'จัดส่ง กทม.', 'DATA_CS-import'),
  ('STHONLIN2511000943', DATE '2025-11-05', '72839', 'นาง ทัศนา เลื่อมสำราญ', 35000, 'BKK01', 'Online', 'จัดส่ง กทม.', 'DATA_CS-import'),
  ('STHONLIN2511001344', DATE '2025-11-06', '10006', 'บริษัท ดีเวย์ ริชคอร์ป จำกัด(สำนักงานใหญ่)', 300, 'BKK01', 'Online', 'รับเอง กทม.', 'DATA_CS-import'),
  ('STHONLIN2511001353', DATE '2025-11-06', '78835', 'นาย ภาวัต นานาภัทรชัย', 2600, 'BKK01', 'Online', 'จัดส่ง กทม.', 'DATA_CS-import'),
  ('STHONLIN2511001832', DATE '2025-11-07', '51782', 'นาย สุวิทย์ รองชูเพ็ง', 2500, 'NB', 'Online', 'รับเอง DP', 'DATA_CS-import'),
  ('STHONLIN2511001833', DATE '2025-11-07', '36928', 'นาง ฐานมญ ชลคีรี', 46, 'BKK01', 'Online', 'รับเอง กทม.', 'DATA_CS-import'),
  ('STHONLIN2511002360', DATE '2025-11-08', '21828', 'นาย ธนบูลย์ แสงฐิตาพันธุ์', 9500, 'BKK01', 'Online', 'จัดส่ง กทม.', 'DATA_CS-import'),
  ('STHONLIN2511002428', DATE '2025-11-08', '102556', 'Mr. LAURENT RAYMOND NDIEFFE', 300, 'BKK01', 'Online', 'รับเอง กทม.', 'DATA_CS-import'),
  ('STHONLIN2511002434', DATE '2025-11-08', '51166', 'นาย ดิเรก กรีฑา', 6200, 'BKK01', 'Online', 'จัดส่ง กทม.', 'DATA_CS-import'),
  ('STHONLIN2511002739', DATE '2025-11-09', '42278', 'นาย เอกชลิต ธวัชกฤตยา', 35, 'BKK01', 'Online', 'รับเอง กทม.', 'DATA_CS-import'),
  ('STHONLIN2511002756', DATE '2025-11-09', '27880', 'นางสาว อรณิกร บุญเกษม', 74, 'BKK01', 'Online', 'รับเอง กทม.', 'DATA_CS-import'),
  ('STHONLIN2511002760', DATE '2025-11-09', '89688', 'นางสาว รินรดา สุขเกษม', 2400, 'BKK01', 'Online', 'รับเอง กทม.', 'DATA_CS-import'),
  ('STHONLIN2511002794', DATE '2025-11-09', '89688', 'นางสาว รินรดา สุขเกษม', 350, 'BKK01', 'Online', 'รับเอง กทม.', 'DATA_CS-import'),
  ('STHONLIN2511003034', DATE '2025-11-10', '10250', 'บริษัท สยามทวีทิพย์ จำกัด(สำนักงานใหญ่)', 19500, 'NB', 'Online', 'จัดส่ง กทม.', 'DATA_CS-import'),
  ('STHONLIN2511003067', DATE '2025-11-10', '68284', 'นางสาว ธนพรรษ​ ยี่ภู', 8630, 'BKK01', 'Online', 'จัดส่ง DP', 'DATA_CS-import'),
  ('STHONLIN2511003074', DATE '2025-11-10', '87144', 'Mr. MEITE  IBRAHIMA', 60850, 'BKK01', 'Online', 'จัดส่ง กทม.', 'DATA_CS-import'),
  ('STHONLIN2511003552', DATE '2025-11-11', '25542', 'นางสาว วาสนา บุญเกษม', 4500, 'BKK01', 'Online', 'จัดส่ง กทม.', 'DATA_CS-import'),
  ('STHONLIN2511003562', DATE '2025-11-11', '25542', 'นางสาว วาสนา บุญเกษม', 5140, 'BKK01', 'Online', 'จัดส่ง กทม.', 'DATA_CS-import'),
  ('STHONLIN2511004121', DATE '2025-11-12', '59137', 'นางสาว ธนิชชนันท์ สิริภาคยะประภา', 1500, 'BKK01', 'Online', 'จัดส่ง กทม.', 'DATA_CS-import'),
  ('STHONLIN2511004604', DATE '2025-11-13', '10288', 'นาย อนันต์กฤช เต็มศิริพันธุ์', 15000, 'BKK01', 'Online', 'จัดส่ง กทม.', 'DATA_CS-import'),
  ('STHONLIN2511004630', DATE '2025-11-13', '47787', 'ห้างหุ้นส่วน โกรท โกลเบิล เน็ตเวิร์ก (สำนักงานใหญ่)', 10000, 'NB', 'Online', 'รับเอง DP', 'DATA_CS-import'),
  ('STHONLIN2511004671', DATE '2025-11-14', '103424', 'Ms. MVENYI EPOSE BOKWE BRENDA BENEDETTE MAMO', 300, 'BKK01', 'Online', 'รับเอง กทม.', 'DATA_CS-import'),
  ('STHONLIN2511005368', DATE '2025-11-15', '22332', 'นางสาว คณาง ไพรบึง', 35, 'BKK01', 'Online', 'รับเอง กทม.', 'DATA_CS-import'),
  ('STHONLIN2511005398', DATE '2025-11-15', '35245', 'บริษัท เศรษฐกวี จำกัด ( สำนักงานใหญ่ )', 70, 'BKK01', 'Online', 'รับเอง กทม.', 'DATA_CS-import'),
  ('STHONLIN2511006031', DATE '2025-11-17', '88485', 'Mr. BAMBA ABDUL HAMID', 5000, 'BKK01', 'Online', 'รับเอง กทม.', 'DATA_CS-import'),
  ('STHONLIN2511006039', DATE '2025-11-18', '88485', 'Mr. BAMBA ABDUL HAMID', 280, 'BKK01', 'Online', 'รับเอง กทม.', 'DATA_CS-import'),
  ('STHONLIN2511006485', DATE '2025-11-18', '47787', 'ห้างหุ้นส่วน โกรท โกลเบิล เน็ตเวิร์ก (สำนักงานใหญ่)', 10000, 'BKK01', 'Online', NULL, 'DATA_CS-import'),
  ('STHONLIN2511006899', DATE '2025-11-19', '45227', 'นางสาว ประภัสสร  ดีดวงพันธ์', 5100, 'BKK01', 'Online', 'จัดส่ง กทม.', 'DATA_CS-import'),
  ('STHONLIN2511007012', DATE '2025-11-19', '103862', 'นางสาว ณัฐธยาน์  รอดทอง', 2800, 'BKK01', 'Online', 'จัดส่ง กทม.', 'DATA_CS-import'),
  ('STHONLIN2511007014', DATE '2025-11-19', '104269', 'นางสาว อัณณา  อมรเรืองพิศา', 2800, 'BKK01', 'Online', 'จัดส่ง กทม.', 'DATA_CS-import'),
  ('STHONLIN2511007015', DATE '2025-11-19', '104270', 'นาง วันดี  รอดทอง', 3250, 'BKK01', 'Online', 'จัดส่ง กทม.', 'DATA_CS-import'),
  ('STHONLIN2511007017', DATE '2025-11-19', '104272', 'นาง ณรงค์เกียรติ   ยอดทอง', 2700, 'BKK01', 'Online', 'จัดส่ง กทม.', 'DATA_CS-import'),
  ('STHONLIN2511007098', DATE '2025-11-20', '104312', 'นาง วรวรรณ สัมบุณณานนท์', 300, 'BKK01', 'Online', 'รับเอง กทม.', 'DATA_CS-import'),
  ('STHONLIN2511007418', DATE '2025-11-20', '21828', 'นาย ธนบูลย์ แสงฐิตาพันธุ์', 5100, 'BKK01', 'Online', 'จัดส่ง กทม.', 'DATA_CS-import'),
  ('STHONLIN2511007541', DATE '2025-11-21', '52669', 'บริษัท โคบาราเอฟโวลูชั่น (ประเทศไทย)จำกัด ( สำนักงานใหญ่ )', 11350, 'BKK01', 'Online', 'รับเอง กทม.', 'DATA_CS-import'),
  ('STHONLIN2511007868', DATE '2025-11-21', '25542', 'นางสาว วาสนา บุญเกษม', 4500, 'BKK01', 'Online', 'จัดส่ง กทม.', 'DATA_CS-import'),
  ('STHONLIN2511007870', DATE '2025-11-21', '25542', 'นางสาว วาสนา บุญเกษม', 4500, 'BKK01', 'Online', 'รับเอง กทม.', 'DATA_CS-import'),
  ('STHONLIN2511007927', DATE '2025-11-21', '97726', 'นาง ฐปนจันทร์ ยศตรีสรณ์', 12500, 'BKK01', 'Online', 'รับเอง กทม.', 'DATA_CS-import'),
  ('STHONLIN2511007949', DATE '2025-11-21', '42095', 'นางสาว ดารดี ญาณกวี', 1450, 'BKK01', 'Online', 'รับเอง กทม.', 'DATA_CS-import'),
  ('STHONLIN2511008409', DATE '2025-11-22', '10006', 'บริษัท ดีเวย์ ริชคอร์ป จำกัด(สำนักงานใหญ่)', 4500, 'BKK01', 'Online', 'รับเอง กทม.', 'DATA_CS-import'),
  ('STHONLIN2511008411', DATE '2025-11-22', '50342', 'นาย จักรพงศ์ สินธุรักษ์', 2500, 'NB', 'Online', 'รับเอง DP', 'DATA_CS-import'),
  ('STHONLIN2511008594', DATE '2025-11-23', '10008', 'บริษัท เค24 โกลบอล จำกัด (สำนักงานใหญ่)', 300, 'BKK01', 'Online', NULL, 'DATA_CS-import'),
  ('STHONLIN2511008746', DATE '2025-11-23', '85172', 'นางสาว สุพัชชา  กันหาเวียง', 34500, 'BKK01', 'Online', NULL, 'DATA_CS-import'),
  ('STHONLIN2511009109', DATE '2025-11-24', '59793', 'นางสาว กิ่งแก้ว บุญโยประการ', 300, 'BKK01', 'Online', NULL, 'DATA_CS-import'),
  ('STHONLIN2511009110', DATE '2025-11-24', '59793', 'นางสาว กิ่งแก้ว บุญโยประการ', 5000, 'BKK01', 'Online', NULL, 'DATA_CS-import'),
  ('STHONLIN2511009121', DATE '2025-11-24', '105015', 'นาง ศุกษา สุนิปาวงค์', 2950, 'BKK01', 'Online', NULL, 'DATA_CS-import'),
  ('STHONLIN2511009122', DATE '2025-11-24', '105016', 'นาง อรพรรณ อินอุดม', 2950, 'BKK01', 'Online', NULL, 'DATA_CS-import'),
  ('STHONLIN2511009150', DATE '2025-11-24', '105021', 'กัมปนาท รุ่งโรจน์', 300, 'BKK01', 'Online', NULL, 'DATA_CS-import'),
  ('STHONLIN2511009744', DATE '2025-11-25', '30613', 'นาง ประนอม ฝอยทอง', 1400, 'BKK01', 'Online', NULL, 'DATA_CS-import'),
  ('STHONLIN2511009762', DATE '2025-11-25', '83352', 'นาย สาธิต คำรังษี', 25600, 'BKK01', 'Online', NULL, 'DATA_CS-import'),
  ('STHONLIN2511009806', DATE '2025-11-25', '43380', 'นางสาว พัชรมณฑ์ พรมทา', 10000, 'BKK01', 'Online', NULL, 'DATA_CS-import'),
  ('STHONLIN2511010849', DATE '2025-11-27', '97731', 'นาง กัญฐ์ภิญญา จงยันต์ธนกุล', 9600, 'BKK01', 'Online', 'รับเอง กทม.', 'DATA_CS-import'),
  ('STHONLIN2511010850', DATE '2025-11-27', '97731', 'นาง กัญฐ์ภิญญา จงยันต์ธนกุล', 600, 'BKK01', 'Online', 'รับเอง กทม.', 'DATA_CS-import'),
  ('STHONLIN2511010859', DATE '2025-11-27', '97731', 'นาง กัญฐ์ภิญญา จงยันต์ธนกุล', 4500, 'BKK01', 'Online', 'รับเอง กทม.', 'DATA_CS-import'),
  ('STHONLIN2511010945', DATE '2025-11-28', '10006', 'บริษัท ดีเวย์ ริชคอร์ป จำกัด(สำนักงานใหญ่)', 300, 'BKK01', 'Online', NULL, 'DATA_CS-import'),
  ('STHONLIN2511011376', DATE '2025-11-28', '80066', 'นางสาว กวินพรรณ สารบุตร', 5100, 'BKK01', 'Online', NULL, 'DATA_CS-import'),
  ('STHONLIN2511011377', DATE '2025-11-28', '97731', 'นาง กัญฐ์ภิญญา จงยันต์ธนกุล', 300, 'BKK01', 'Online', NULL, 'DATA_CS-import'),
  ('STHONLIN2511011380', DATE '2025-11-28', '105729', 'Mrs. BANJAMART DONPRAKAN CHRISTIANSEN', 3050, 'BKK01', 'Online', NULL, 'DATA_CS-import'),
  ('STHONLIN2511011400', DATE '2025-11-28', '68284', 'นางสาว ธนพรรษ​ ยี่ภู', 6770, 'BKK01', 'Online', NULL, 'DATA_CS-import'),
  ('STHONLIN2511011401', DATE '2025-11-28', '103853', 'นาง วัลยา เจริญรุ่งรัตน์', 2400, 'BKK01', 'Online', NULL, 'DATA_CS-import'),
  ('STHONLIN2511011404', DATE '2025-11-28', '105558', 'นาง วรรณอนงค์ แสงอรุณธนพล', 2400, 'BKK01', 'Online', NULL, 'DATA_CS-import'),
  ('STHONLIN2511011405', DATE '2025-11-28', '105559', 'นาย ชิติสรรค์ คนิสสรชยังกุน', 2400, 'BKK01', 'Online', NULL, 'DATA_CS-import'),
  ('STHONLIN2511011407', DATE '2025-11-28', '105565', 'นางสาว ราชาวดี แสงอรุณ', 2500, 'BKK01', 'Online', NULL, 'DATA_CS-import'),
  ('STHONLIN2511011606', DATE '2025-11-29', '10008', 'บริษัท เค24 โกลบอล จำกัด (สำนักงานใหญ่)', 300, 'BKK01', 'Online', 'รับเอง กทม.', 'DATA_CS-import'),
  ('STHONLIN2511012097', DATE '2025-11-29', '10006', 'บริษัท ดีเวย์ ริชคอร์ป จำกัด(สำนักงานใหญ่)', 300, 'BKK01', 'Online', 'รับเอง กทม.', 'DATA_CS-import'),
  ('STHONLIN2511012129', DATE '2025-11-29', '59793', 'นางสาว กิ่งแก้ว บุญโยประการ', 300, 'BKK01', 'Online', 'รับเอง กทม.', 'DATA_CS-import'),
  ('STHONLIN2511012134', DATE '2025-11-29', '105968', 'นาง กิ่งแก้ว แก้วคง', 4500, 'BKK01', 'Online', 'รับเอง กทม.', 'DATA_CS-import'),
  ('STHONLIN2511012178', DATE '2025-11-29', '69346', 'นางสาว นงพงา ตั้งฤทัยเยี่ยม', 2500, 'BKK01', 'Online', 'รับเอง กทม.', 'DATA_CS-import'),
  ('STHONLIN2511012278', DATE '2025-11-29', '57201', 'นางสาว ภาพิมล  ฉัตรเฉลิมวิทย์', 6000, 'NB', 'Online', 'รับเอง DP', 'DATA_CS-import'),
  ('STHONLIN2511012327', DATE '2025-11-29', '30895', 'นาย สิปปภาส  โรจนวสุธร', 12900, 'BKK01', 'Online', 'จัดส่ง กทม.', 'DATA_CS-import'),
  ('STHONLIN2511012535', DATE '2025-11-30', '51660', 'นาย เก่งภพ ศุภาภพปภาส', 4500, 'BKK01', 'Online', 'รับเอง กทม.', 'DATA_CS-import'),
  ('STHONLIN2511012542', DATE '2025-11-30', '45937', 'ห้างหุ้นส่วน ขุนศรี โกลเบิล (สำนักงานใหญ่)', 22050, 'BKK01', 'Online', 'จัดส่ง กทม.', 'DATA_CS-import'),
  ('STHONLIN2511012709', DATE '2025-11-30', '45937', 'ห้างหุ้นส่วน ขุนศรี โกลเบิล (สำนักงานใหญ่)', 2700, 'BKK01', 'Online', 'จัดส่ง กทม.', 'DATA_CS-import'),
  ('STHONLIN2511012811', DATE '2025-11-30', '10006', 'บริษัท ดีเวย์ ริชคอร์ป จำกัด(สำนักงานใหญ่)', 2400, 'BKK01', 'Online', 'รับเอง กทม.', 'DATA_CS-import'),
  ('STHONLIN2511012989', DATE '2025-11-30', '21821', 'ห้างหุ้นส่วน เครือข่ายปิยธนา ( สำนักงานใหญ่ )', 41400, 'BKK01', 'Online', 'จัดส่ง กทม.', 'DATA_CS-import'),
  ('STHONLIN2511012990', DATE '2025-11-30', '55864', 'นางสาว เบ็ญจมาศ พรรณารุโณทัย', 2600, 'BKK01', 'Online', 'จัดส่ง กทม.', 'DATA_CS-import'),
  ('STHONLIN2511012993', DATE '2025-11-30', '52669', 'บริษัท โคบาราเอฟโวลูชั่น (ประเทศไทย)จำกัด ( สำนักงานใหญ่ )', 10200, 'BKK01', 'Online', 'รับเอง กทม.', 'DATA_CS-import'),
  ('STHONLIN2511012996', DATE '2025-11-30', '47787', 'ห้างหุ้นส่วน โกรท โกลเบิล เน็ตเวิร์ก (สำนักงานใหญ่)', 15000, 'NB', 'Online', 'รับเอง DP', 'DATA_CS-import'),
  ('STHONLIN2511012997', DATE '2025-11-30', '42095', 'นางสาว ดารดี ญาณกวี', 320, 'BKK01', 'Online', 'รับเอง กทม.', 'DATA_CS-import'),
  ('STHONLIN2511012999', DATE '2025-11-30', '87114', 'นางสาว วัลลภา พฤกษ์สุวรรณ์', 300, 'BKK01', 'Online', 'รับเอง กทม.', 'DATA_CS-import'),
  ('STHONLIN2511013030', DATE '2025-11-30', '10006', 'บริษัท ดีเวย์ ริชคอร์ป จำกัด(สำนักงานใหญ่)', 10000, 'BKK01', 'Online', 'รับเอง กทม.', 'DATA_CS-import'),
  ('STHONLIN2511013040', DATE '2025-11-30', '10006', 'บริษัท ดีเวย์ ริชคอร์ป จำกัด(สำนักงานใหญ่)', 6090, 'BKK01', 'Online', 'รับเอง กทม.', 'DATA_CS-import'),
  ('STHONLIN2511013092', DATE '2025-12-01', '58257', 'นาย สมชาย โสภา', 4850, 'BKK01', 'Online', 'จัดส่ง กทม.', 'DATA_CS-import'),
  ('STHONLIN2511013098', DATE '2025-12-01', '52686', 'นาย สุเมธ จันทร์งาม', 7900, 'BKK01', 'Online', 'รับเอง กทม.', 'DATA_CS-import'),
  ('STHONLIN2511013106', DATE '2025-12-01', '92257', 'นาย พงษ์ศักดิ์ พรเจีย', 4500, 'BKK01', 'Online', 'รับเอง กทม.', 'DATA_CS-import'),
  ('STHONLIN2511013109', DATE '2025-12-01', '97729', 'นางสาว ภิรัณยา โพธิพรรค', 4500, 'BKK01', 'Online', 'รับเอง กทม.', 'DATA_CS-import'),
  ('STHONLIN2511013123', DATE '2025-12-01', '10684', 'นาย คมสันช์  ชาญธนโชค', 3600, 'BKK01', 'Online', 'รับเอง กทม.', 'DATA_CS-import'),
  ('STHONLIN2511013124', DATE '2025-12-01', '10357', 'นาย ดำรงค์ ปฏิสังข์', 4400, 'BKK01', 'Online', 'รับเอง กทม.', 'DATA_CS-import'),
  ('STHONLIN2511013126', DATE '2025-12-01', '10006', 'บริษัท ดีเวย์ ริชคอร์ป จำกัด(สำนักงานใหญ่)', 4150, 'BKK01', 'Online', 'รับเอง กทม.', 'DATA_CS-import'),
  ('STHONLIN2512000012', DATE '2025-12-03', '13781', 'นาย สุรวัฒน์ ตั้งพงศ์ศิรประภา', 105, 'BKK01', 'Online', 'รับเอง กทม.', 'DATA_CS-import'),
  ('STHONLIN2512000034', DATE '2025-12-04', '106234', 'Ms. Miss TIKU MISPA CADI', 300, 'BKK01', 'Online', 'จัดส่ง กทม.', 'DATA_CS-import'),
  ('STHONLIN2512000035', DATE '2025-12-04', '106236', 'Mr. OKOLE LINUS', 300, 'BKK01', 'Online', 'จัดส่ง กทม.', 'DATA_CS-import'),
  ('STHONLIN2512000038', DATE '2025-12-04', '104274', 'นาย อิศรชัย  หล่อแสงสุริยะโชติ', 2950, 'BKK01', 'Online', 'จัดส่ง กทม.', 'DATA_CS-import'),
  ('STHONLIN2512000047', DATE '2025-12-04', '89807', 'Mr. Mbutuh Nvenyi Celestine', 27000, 'BKK01', 'Online', 'จัดส่ง กทม.', 'DATA_CS-import'),
  ('STHONLIN2512000082', DATE '2025-12-04', '52669', 'บริษัท โคบาราเอฟโวลูชั่น (ประเทศไทย)จำกัด ( สำนักงานใหญ่ )', 15000, 'BKK01', 'Online', 'รับเอง กทม.', 'DATA_CS-import'),
  ('STHONLIN2512000084', DATE '2025-12-04', '54426', 'นาง ทูนศรี บัวนุช', 218, 'BKK01', 'Online', 'รับเอง กทม.', 'DATA_CS-import'),
  ('STHONLIN2512000085', DATE '2025-12-04', '59793', 'นางสาว กิ่งแก้ว บุญโยประการ', 5400, 'BKK01', 'Online', 'จัดส่ง กทม.', 'DATA_CS-import'),
  ('STHONLIN2512000086', DATE '2025-12-04', '50595', 'นางสาว วันวิสาข แก้วแกมทอง', 10000, 'BKK01', 'Online', NULL, 'DATA_CS-import'),
  ('STHONLIN2512000099', DATE '2025-12-04', '106288', NULL, 300, 'BKK01', 'Online', NULL, 'DATA_CS-import'),
  ('STHONLIN2512000126', DATE '2025-12-06', '53249', 'ห้างหุ้นส่วน ปูแดงพารวย ( สำนักงานใหญ่)', 35, 'BKK01', 'Online', 'รับเอง กทม.', 'DATA_CS-import'),
  ('STHONLIN2512000127', DATE '2025-12-06', '55969', 'นางสาว ธันยาพร สีแก้ว', 35, 'BKK01', 'Online', 'รับเอง กทม.', 'DATA_CS-import'),
  ('STHONLIN2512000128', DATE '2025-12-06', '60483', 'นางสาว พรรณิษา เหลีอรักษ์', 35, 'BKK01', 'Online', 'รับเอง กทม.', 'DATA_CS-import'),
  ('STHONLIN2512000162', DATE '2025-12-06', '36555', 'นางสาว พิมพ์ชญา  สุริยปรีชาพงษ์', 4500, 'BKK01', 'Online', 'จัดส่ง กทม.', 'DATA_CS-import'),
  ('STHONLIN2512000163', DATE '2025-12-06', '45227', 'นางสาว ประภัสสร  ดีดวงพันธ์', 5100, 'BKK01', 'Online', 'รับเอง กทม.', 'DATA_CS-import'),
  ('STHONLIN2512000164', DATE '2025-12-06', '72839', 'นาง ทัศนา เลื่อมสำราญ', 300, 'BKK01', 'Online', 'จัดส่ง กทม.', 'DATA_CS-import'),
  ('STHONLIN2512000166', DATE '2025-12-06', '106337', 'นาย อดิชาติ คุ้มวงศ์', 7000, 'BKK01', 'Online', 'จัดส่ง กทม.', 'DATA_CS-import'),
  ('STHONLIN2512000167', DATE '2025-12-06', '21828', 'นาย ธนบูลย์ แสงฐิตาพันธุ์', 10100, 'BKK01', 'Online', 'จัดส่ง กทม.', 'DATA_CS-import'),
  ('STHONLIN2512000367', DATE '2025-12-06', '79965', 'นาง ทิฆัมพร  ทองแจ้ง', 1500, 'BKK01', 'Online', 'จัดส่ง กทม.', 'DATA_CS-import'),
  ('STHONLIN2512000369', DATE '2025-12-06', '21821', 'ห้างหุ้นส่วน เครือข่ายปิยธนา ( สำนักงานใหญ่ )', 1500, 'BKK01', 'Online', 'จัดส่ง กทม.', 'DATA_CS-import'),
  ('STHONLIN2512000372', DATE '2025-12-06', '47787', 'ห้างหุ้นส่วน โกรท โกลเบิล เน็ตเวิร์ก (สำนักงานใหญ่)', 2400, 'BKK01', 'Online', 'รับเอง DP', 'DATA_CS-import'),
  ('STHONLIN2512000377', DATE '2025-12-06', '35227', 'นาย พีรพงศ์ ภรประเสริฐศรี', 35, 'BKK01', 'Online', 'รับเอง กทม.', 'DATA_CS-import'),
  ('STHONLIN2512000379', DATE '2025-12-06', '42095', 'นางสาว ดารดี ญาณกวี', 300, 'BKK01', 'Online', 'รับเอง กทม.', 'DATA_CS-import'),
  ('STHONLIN2512000380', DATE '2025-12-06', '10281', 'นางสาว ริญญ์รภัส ศรีศุภณัฐธนากุล', 35, 'BKK01', 'Online', 'รับเอง กทม.', 'DATA_CS-import'),
  ('STHONLIN2512000381', DATE '2025-12-06', '10281', 'นางสาว ริญญ์รภัส ศรีศุภณัฐธนากุล', 37, 'BKK01', 'Online', 'รับเอง กทม.', 'DATA_CS-import'),
  ('STHONLIN2512000393', DATE '2025-12-06', '30895', 'นาย สิปปภาส  โรจนวสุธร', 1900, 'BKK01', 'Online', 'จัดส่ง กทม.', 'DATA_CS-import'),
  ('STHONLIN2512000524', DATE '2025-12-07', '45937', 'ห้างหุ้นส่วน ขุนศรี โกลเบิล (สำนักงานใหญ่)', 1450, 'BKK01', 'Online', 'จัดส่ง กทม.', 'DATA_CS-import'),
  ('STHONLIN2512000555', DATE '2025-12-07', '106485', 'นายธารา   อำพันสุข', 300, 'BKK01', 'Online', 'รับเอง กทม.', 'DATA_CS-import'),
  ('STHONLIN2512000564', DATE '2025-12-07', '64741', 'Mr. Mohamed Sidibe', 33300, 'BKK01', 'Online', 'จัดส่ง กทม.', 'DATA_CS-import'),
  ('STHONLIN2512000650', DATE '2025-12-08', '22341', 'นางสาว มัลลิกา พลรัตน์', 35, 'BKK01', 'Online', 'รับเอง กทม.', 'DATA_CS-import'),
  ('STHONLIN2512000702', DATE '2025-12-08', '95495', 'Mrs. Judith Kechoyu Nvenyi', 5850, 'BKK01', 'Online', 'จัดส่ง กทม.', 'DATA_CS-import'),
  ('STHONLIN2512000704', DATE '2025-12-08', '51782', 'นาย สุวิทย์  รองชูเพ็ง', 2800, 'BKK01', 'Online', 'รับเอง DP', 'DATA_CS-import'),
  ('STHONLIN2512000719', DATE '2025-12-08', '106562', 'ธัญญชล แซมหิรัญ', 300, 'BKK01', 'Online', 'จัดส่ง กทม.', 'DATA_CS-import'),
  ('STHONLIN2512000743', DATE '2025-12-08', '106563', 'นาง แจ่มใส สุวรรณพรหมา', 2100, 'BKK01', 'Online', 'จัดส่ง กทม.', 'DATA_CS-import'),
  ('STHONLIN2512000925', DATE '2025-12-09', '10006', 'บริษัท ดีเวย์ ริชคอร์ป จำกัด(สำนักงานใหญ่)', 2400, 'BKK01', 'Online', 'รับเอง กทม.', 'DATA_CS-import'),
  ('STHONLIN2512001332', DATE '2025-12-09', '27880', 'นางสาว อรณิกร บุญเกษม', 4500, 'BKK01', 'Online', 'รับเอง กทม.', 'DATA_CS-import'),
  ('STHONLIN2512001337', DATE '2025-12-09', '27880', 'นางสาว อรณิกร บุญเกษม', 4750, 'BKK01', 'Online', 'รับเอง กทม.', 'DATA_CS-import'),
  ('STHONLIN2512001377', DATE '2025-12-09', '90030', 'นาง สุวภัทร ปาละมะ', 3600, 'BKK01', 'Online', 'จัดส่ง กทม.', 'DATA_CS-import'),
  ('STHONLIN2512001378', DATE '2025-12-09', '72839', 'นาง ทัศนา เลื่อมสำราญ', 4500, 'BKK01', 'Online', 'จัดส่ง กทม.', 'DATA_CS-import'),
  ('STHONLIN2512001726', DATE '2025-12-12', '106942', 'นาย นิพัฒน์ รัตนไชย', 300, 'BKK01', 'Online', 'รับเอง กทม.', 'DATA_CS-import'),
  ('STHONLIN2512002307', DATE '2025-12-12', '72839', 'นาง ทัศนา เลื่อมสำราญ', 300, 'BKK01', 'Online', 'รับเอง กทม.', 'DATA_CS-import'),
  ('STHONLIN2512002351', DATE '2025-12-12', '107124', 'นาย ชำนาญ ตันตวาที', 7000, 'BKK01', 'Online', 'รับเอง กทม.', 'DATA_CS-import'),
  ('STHONLIN2512002668', DATE '2025-12-12', '72839', 'นาง ทัศนา เลื่อมสำราญ', 10000, 'BKK01', 'Online', 'จัดส่ง กทม.', 'DATA_CS-import'),
  ('STHONLIN2512002705', DATE '2025-12-12', '97731', 'นาง กัญฐ์ภิญญา จงยันต์ธนกุล', 300, 'BKK01', 'Online', 'รับเอง กทม.', 'DATA_CS-import'),
  ('STHONLIN2512002706', DATE '2025-12-12', '97731', 'นาง กัญฐ์ภิญญา จงยันต์ธนกุล', 300, 'BKK01', 'Online', 'รับเอง กทม.', 'DATA_CS-import'),
  ('STHONLIN2512002710', DATE '2025-12-12', '97731', 'นาง กัญฐ์ภิญญา จงยันต์ธนกุล', 300, 'BKK01', 'Online', 'รับเอง กทม.', 'DATA_CS-import'),
  ('STHONLIN2512002712', DATE '2025-12-12', '97731', 'นาง กัญฐ์ภิญญา จงยันต์ธนกุล', 7750, 'BKK01', 'Online', 'รับเอง กทม.', 'DATA_CS-import'),
  ('STHONLIN2512002910', DATE '2025-12-12', '51166', 'นาย ดิเรก  กรีฑา', 4700, 'BKK01', 'Online', 'จัดส่ง กทม.', 'DATA_CS-import'),
  ('STHONLIN2512002911', DATE '2025-12-12', '64741', 'Mr. Mohamed Sidibe', 1800, 'BKK01', 'Online', 'รับเอง กทม.', 'DATA_CS-import'),
  ('STHONLIN2512003038', DATE '2025-12-13', '107334', 'Mr. Mr. EMMANUEL ALONGAMOH FOLEFAC', 300, 'BKK01', 'Online', 'รับเอง กทม.', 'DATA_CS-import'),
  ('STHONLIN2512003369', DATE '2025-12-13', '52669', 'บริษัท โคบาราเอฟโวลูชั่น (ประเทศไทย)จำกัด ( สำนักงานใหญ่ )', 3600, 'BKK01', 'Online', 'รับเอง กทม.', 'DATA_CS-import'),
  ('STHONLIN2512003371', DATE '2025-12-13', '47787', 'ห้างหุ้นส่วน โกรท โกลเบิล เน็ตเวิร์ก (สำนักงานใหญ่)', 10000, 'BKK01', 'Online', 'รับเอง กทม.', 'DATA_CS-import'),
  ('STHONLIN2512003372', DATE '2025-12-13', '64741', 'Mr. Mohamed Sidibe', 169000, 'BKK01', 'Online', 'จัดส่ง กทม.', 'DATA_CS-import'),
  ('STHONLIN2512003373', DATE '2025-12-13', '21828', 'นาย ธนบูลย์ แสงฐิตาพันธุ์', 5100, 'BKK01', 'Online', 'รับเอง กทม.', 'DATA_CS-import'),
  ('STHONLIN2512003377', DATE '2025-12-13', '47787', 'ห้างหุ้นส่วน โกรท โกลเบิล เน็ตเวิร์ก (สำนักงานใหญ่)', 350, 'BKK01', 'Online', 'รับเอง กทม.', 'DATA_CS-import'),
  ('STHONLIN2512003406', DATE '2025-12-13', '83352', 'นาย สาธิต คำรังษี', 25000, 'BKK01', 'Online', 'รับเอง กทม.', 'DATA_CS-import'),
  ('STHONLIN2512003478', DATE '2025-12-13', '88316', 'Mr. PAUL EPANG KOME', 17000, 'BKK01', 'Online', 'รับเอง กทม.', 'DATA_CS-import'),
  ('STHONLIN2512003671', DATE '2025-12-14', '35245', 'บริษัท เศรษฐกวี จำกัด ( สำนักงานใหญ่ )', 72, 'BKK01', 'Online', NULL, 'DATA_CS-import'),
  ('STHONLIN2512003672', DATE '2025-12-14', '12217', 'นาย อณัฐภูมิ ศรีศุภณัฐธนากุล', 177, 'BKK01', 'Online', NULL, 'DATA_CS-import'),
  ('STHONLIN2512003670', DATE '2025-12-14', '107551', 'Naphattra Na songkhla', 300, 'BKK01', 'Online', NULL, 'DATA_CS-import'),
  ('STHONLIN2512003721', DATE '2025-12-15', '106403', 'Ms. Eghomba Ernestine Alih', 4000, 'BKK01', 'Online', 'รับเอง กทม.', 'DATA_CS-import'),
  ('STHONLIN2512003826', DATE '2025-12-15', '43380', 'นางสาว พัชรมณฑ์ พรมทา', 9500, 'BKK01', 'Online', 'จัดส่ง กทม.', 'DATA_CS-import'),
  ('STHONLIN2512003834', DATE '2025-12-15', '50342', 'นาย จักรพงศ์ สินธุรักษ์', 25000, 'BKK01', 'Online', 'จัดส่ง กทม.', 'DATA_CS-import'),
  ('STHONLIN2512003835', DATE '2025-12-15', '56747', 'นางสาว สุปรานี เขียวแดง', 131, 'BKK01', 'Online', 'จัดส่ง กทม.', 'DATA_CS-import'),
  ('STHONLIN2512003839', DATE '2025-12-15', '62538', 'นางสาว ชลธิชา  ยุ้ยจำเริญทรัพย์', 290, 'BKK01', 'Online', 'จัดส่ง กทม.', 'DATA_CS-import'),
  ('STHONLIN2512003843', DATE '2025-12-15', '62538', 'นางสาว ชลธิชา  ยุ้ยจำเริญทรัพย์', 4600, 'BKK01', 'Online', 'จัดส่ง กทม.', 'DATA_CS-import'),
  ('STHONLIN2512003911', DATE '2025-12-15', '80402', 'นางสาว ภรณ์ธิดา สมทอง', 276, 'NB', 'Online', 'รับเอง DP', 'DATA_CS-import'),
  ('STHONLIN2512003945', DATE '2025-12-15', '80259', 'Mr. Moussa Sacko', 3050, 'BKK01', 'Online', 'จัดส่ง กทม.', 'DATA_CS-import'),
  ('STHONLIN2512004267', DATE '2025-12-16', '81107', 'นางสาว สายฝน ศรีสุขใส', 1200, 'BKK01', 'Online', 'รับเอง กทม.', 'DATA_CS-import'),
  ('STHONLIN2512004759', DATE '2025-12-17', '27880', 'นางสาว อรณิกร บุญเกษม', 4500, 'BKK01', 'Online', 'จัดส่ง กทม.', 'DATA_CS-import'),
  ('STHONLIN2512004762', DATE '2025-12-17', '27880', 'นางสาว อรณิกร บุญเกษม', 6350, 'BKK01', 'Online', 'จัดส่ง กทม.', 'DATA_CS-import'),
  ('STHONLIN2512004768', DATE '2025-12-17', '43380', 'นางสาว พัชรมณฑ์ พรมทา', 4600, 'BKK01', 'Online', 'จัดส่ง กทม.', 'DATA_CS-import'),
  ('STHONLIN2512004792', DATE '2025-12-17', '45937', 'ห้างหุ้นส่วน ขุนศรี โกลเบิล (สำนักงานใหญ่)', 5000, 'BKK01', 'Online', 'จัดส่ง กทม.', 'DATA_CS-import'),
  ('STHONLIN2512005001', DATE '2025-12-18', '21828', 'นาย ธนบูลย์ แสงฐิตาพันธุ์', 5100, 'BKK01', 'Online', 'จัดส่ง กทม.', 'DATA_CS-import'),
  ('STHONLIN2512005153', DATE '2025-12-19', '10008', 'บริษัท เค24 โกลบอล จำกัด (สำนักงานใหญ่)', 300, 'BKK01', 'Online', 'รับเอง กทม.', 'DATA_CS-import'),
  ('STHONLIN2512005337', DATE '2025-12-19', '47787', 'ห้างหุ้นส่วน โกรท โกลเบิล เน็ตเวิร์ก (สำนักงานใหญ่)', 10000, 'BKK01', 'Online', 'รับเอง DP', 'DATA_CS-import'),
  ('STHONLIN2512005342', DATE '2025-12-19', '47787', 'ห้างหุ้นส่วน โกรท โกลเบิล เน็ตเวิร์ก (สำนักงานใหญ่)', 15000, 'BKK01', 'Online', 'รับเอง DP', 'DATA_CS-import'),
  ('STHONLIN2512005346', DATE '2025-12-19', '47787', 'ห้างหุ้นส่วน โกรท โกลเบิล เน็ตเวิร์ก (สำนักงานใหญ่)', 750, 'BKK01', 'Online', 'รับเอง DP', 'DATA_CS-import'),
  ('STHONLIN2512005594', DATE '2025-12-20', '52669', 'บริษัท โคบาราเอฟโวลูชั่น (ประเทศไทย)จำกัด ( สำนักงานใหญ่ )', 20000, 'BKK01', 'Online', NULL, 'DATA_CS-import'),
  ('STHONLIN2512005601', DATE '2025-12-20', '83352', 'นาย สาธิต คำรังษี', 25300, 'BKK01', 'Online', NULL, 'DATA_CS-import'),
  ('STHONLIN2512005605', DATE '2025-12-20', '47787', 'ห้างหุ้นส่วน โกรท โกลเบิล เน็ตเวิร์ก (สำนักงานใหญ่)', 10000, 'BKK01', 'Online', NULL, 'DATA_CS-import'),
  ('STHONLIN2512005641', DATE '2025-12-21', '81822', 'นางสาว ชนิกานต์ กลัดงาม', 7000, 'BKK01', 'Online', 'จัดส่ง กทม.', 'DATA_CS-import'),
  ('STHONLIN2512005685', DATE '2025-12-21', '59793', 'นางสาว กิ่งแก้ว บุญโยประการ', 900, 'BKK01', 'Online', 'รับเอง กทม.', 'DATA_CS-import'),
  ('STHONLIN2512005689', DATE '2025-12-21', '59793', 'นางสาว กิ่งแก้ว บุญโยประการ', 8850, 'BKK01', 'Online', 'รับเอง กทม.', 'DATA_CS-import'),
  ('STHONLIN2512005690', DATE '2025-12-21', '10250', 'บริษัท สยามทวีทิพย์ จำกัด(สำนักงานใหญ่)', 10000, 'NB', 'Online', 'รับเอง DP', 'DATA_CS-import'),
  ('STHONLIN2512005698', DATE '2025-12-21', '97731', 'นาง กัญฐ์ภิญญา จงยันต์ธนกุล', 4500, 'BKK01', 'Online', 'จัดส่ง กทม.', 'DATA_CS-import'),
  ('STHONLIN2512005700', DATE '2025-12-21', '97731', 'นาง กัญฐ์ภิญญา จงยันต์ธนกุล', 15150, 'BKK01', 'Online', 'จัดส่ง กทม.', 'DATA_CS-import'),
  ('STHONLIN2512005712', DATE '2025-12-21', '48306', 'นาย ปรเมศวร์ ธรรมโชติ', 5520, 'BKK01', 'Online', 'จัดส่ง กทม.', 'DATA_CS-import')
ON CONFLICT (bill_no) DO UPDATE SET
  notes = COALESCE(EXCLUDED.notes, daily_sale_bills.notes),
  channel = COALESCE(EXCLUDED.channel, daily_sale_bills.channel),
  member_code = COALESCE(EXCLUDED.member_code, daily_sale_bills.member_code),
  member_name = COALESCE(EXCLUDED.member_name, daily_sale_bills.member_name),
  branch = COALESCE(EXCLUDED.branch, daily_sale_bills.branch);

-- -- Table B -> daily_sale_payments (merge payment amounts)
INSERT INTO daily_sale_payments (bill_no, sale_date, amount, cash, transfer, credit_card, ewallet, gift_voucher, qr_payment, commission_deduct, arp_amount, source_file) VALUES
  ('STHONLIN2511000177', DATE '2025-11-02', 5000, 0, 0, 0, 0, 0, 5000, 0, 0, 'DATA_CS-import'),
  ('STHONLIN2511000178', DATE '2025-11-02', 4500, 0, 0, 4500, 0, 0, 0, 0, 0, 'DATA_CS-import'),
  ('STHONLIN2511000181', DATE '2025-11-02', 1200, 0, 0, 0, 0, 0, 1200, 0, 0, 'DATA_CS-import'),
  ('STHONLIN2511000087', DATE '2025-11-02', 35, 0, 0, 0, 0, 0, 0, 0, 35, 'DATA_CS-import'),
  ('STHONLIN2511000198', DATE '2025-11-02', 37, 0, 0, 0, 0, 0, 0, 0, 37, 'DATA_CS-import'),
  ('STHONLIN2511000296', DATE '2025-11-03', 10000, 0, 0, 10000, 0, 0, 0, 0, 0, 'DATA_CS-import'),
  ('STHONLIN2511000297', DATE '2025-11-03', 25000, 0, 0, 25000, 0, 0, 0, 0, 0, 'DATA_CS-import'),
  ('STHONLIN2511000607', DATE '2025-11-04', 9900, 0, 0, 9900, 0, 0, 0, 0, 0, 'DATA_CS-import'),
  ('STHONLIN2511000633', DATE '2025-11-04', 350, 0, 0, 350, 0, 0, 0, 0, 0, 'DATA_CS-import'),
  ('STHONLIN2511000655', DATE '2025-11-04', 3400, 0, 0, 3400, 0, 0, 0, 0, 0, 'DATA_CS-import'),
  ('STHONLIN2511000931', DATE '2025-11-05', 19700, 0, 0, 19700, 0, 0, 0, 0, 0, 'DATA_CS-import'),
  ('STHONLIN2511000933', DATE '2025-11-05', 12950, 0, 0, 0, 0, 0, 12950, 0, 0, 'DATA_CS-import'),
  ('STHONLIN2511000943', DATE '2025-11-05', 35000, 0, 0, 35000, 0, 0, 0, 0, 0, 'DATA_CS-import'),
  ('STHONLIN2511001344', DATE '2025-11-06', 300, 0, 0, 0, 300, 0, 0, 0, 0, 'DATA_CS-import'),
  ('STHONLIN2511001353', DATE '2025-11-06', 2600, 0, 0, 0, 0, 0, 2600, 0, 0, 'DATA_CS-import'),
  ('STHONLIN2511001832', DATE '2025-11-07', 2500, 0, 0, 2500, 0, 0, 0, 0, 0, 'DATA_CS-import'),
  ('STHONLIN2511001833', DATE '2025-11-07', 46, 0, 0, 0, 0, 0, 0, 0, 46, 'DATA_CS-import'),
  ('STHONLIN2511002360', DATE '2025-11-08', 9500, 0, 0, 9500, 0, 0, 0, 0, 0, 'DATA_CS-import'),
  ('STHONLIN2511002428', DATE '2025-11-08', 300, 0, 0, 0, 0, 0, 300, 0, 0, 'DATA_CS-import'),
  ('STHONLIN2511002434', DATE '2025-11-08', 6200, 0, 0, 6200, 0, 0, 0, 0, 0, 'DATA_CS-import'),
  ('STHONLIN2511002739', DATE '2025-11-09', 35, 0, 0, 0, 0, 0, 0, 0, 35, 'DATA_CS-import'),
  ('STHONLIN2511002756', DATE '2025-11-09', 74, 0, 0, 0, 0, 0, 0, 0, 74, 'DATA_CS-import'),
  ('STHONLIN2511002760', DATE '2025-11-09', 2400, 0, 0, 0, 0, 0, 2400, 0, 0, 'DATA_CS-import'),
  ('STHONLIN2511002794', DATE '2025-11-09', 350, 0, 0, 0, 0, 0, 350, 0, 0, 'DATA_CS-import'),
  ('STHONLIN2511003034', DATE '2025-11-10', 19500, 0, 0, 0, 19500, 0, 0, 0, 0, 'DATA_CS-import'),
  ('STHONLIN2511003067', DATE '2025-11-10', 8630, 0, 0, 0, 8630, 0, 0, 0, 0, 'DATA_CS-import'),
  ('STHONLIN2511003074', DATE '2025-11-10', 60850, 0, 0, 0, 0, 0, 60850, 0, 0, 'DATA_CS-import'),
  ('STHONLIN2511003552', DATE '2025-11-11', 4500, 0, 0, 4500, 0, 0, 0, 0, 0, 'DATA_CS-import'),
  ('STHONLIN2511003562', DATE '2025-11-11', 5140, 0, 0, 5140, 0, 0, 0, 0, 0, 'DATA_CS-import'),
  ('STHONLIN2511004121', DATE '2025-11-12', 1500, 0, 0, 1500, 0, 0, 0, 0, 0, 'DATA_CS-import'),
  ('STHONLIN2511004604', DATE '2025-11-13', 15000, 0, 0, 15000, 0, 0, 0, 0, 0, 'DATA_CS-import'),
  ('STHONLIN2511004630', DATE '2025-11-13', 10000, 0, 0, 10000, 0, 0, 0, 0, 0, 'DATA_CS-import'),
  ('STHONLIN2511004671', DATE '2025-11-14', 300, 0, 0, 0, 0, 0, 300, 0, 0, 'DATA_CS-import'),
  ('STHONLIN2511005368', DATE '2025-11-15', 35, 0, 0, 0, 0, 0, 35, 0, 0, 'DATA_CS-import'),
  ('STHONLIN2511005398', DATE '2025-11-15', 70, 0, 0, 0, 0, 0, 70, 0, 0, 'DATA_CS-import'),
  ('STHONLIN2511006031', DATE '2025-11-17', 5000, 0, 0, 0, 5000, 0, 0, 0, 0, 'DATA_CS-import'),
  ('STHONLIN2511006039', DATE '2025-11-18', 280, 0, 0, 0, 0, 0, 280, 0, 0, 'DATA_CS-import'),
  ('STHONLIN2511006485', DATE '2025-11-18', 10000, 0, 0, 10000, 0, 0, 0, 0, 0, 'DATA_CS-import'),
  ('STHONLIN2511006899', DATE '2025-11-19', 5100, 0, 0, 5100, 0, 0, 0, 0, 0, 'DATA_CS-import'),
  ('STHONLIN2511007012', DATE '2025-11-19', 2800, 0, 0, 0, 2800, 0, 0, 0, 0, 'DATA_CS-import'),
  ('STHONLIN2511007014', DATE '2025-11-19', 2800, 0, 0, 0, 2800, 0, 0, 0, 0, 'DATA_CS-import'),
  ('STHONLIN2511007015', DATE '2025-11-19', 3250, 0, 0, 0, 3250, 0, 0, 0, 0, 'DATA_CS-import'),
  ('STHONLIN2511007017', DATE '2025-11-19', 2700, 0, 0, 0, 2700, 0, 0, 0, 0, 'DATA_CS-import'),
  ('STHONLIN2511007098', DATE '2025-11-20', 300, 0, 0, 300, 0, 0, 0, 0, 0, 'DATA_CS-import'),
  ('STHONLIN2511007418', DATE '2025-11-20', 5100, 0, 0, 0, 5100, 0, 0, 0, 0, 'DATA_CS-import'),
  ('STHONLIN2511007541', DATE '2025-11-21', 11350, 0, 0, 11350, 0, 0, 0, 0, 0, 'DATA_CS-import'),
  ('STHONLIN2511007868', DATE '2025-11-21', 4500, 0, 0, 4500, 0, 0, 0, 0, 0, 'DATA_CS-import'),
  ('STHONLIN2511007870', DATE '2025-11-21', 4500, 0, 0, 4500, 0, 0, 0, 0, 0, 'DATA_CS-import'),
  ('STHONLIN2511007927', DATE '2025-11-21', 12500, 0, 0, 12500, 0, 0, 0, 0, 0, 'DATA_CS-import'),
  ('STHONLIN2511007949', DATE '2025-11-21', 1450, 0, 0, 1450, 0, 0, 0, 0, 0, 'DATA_CS-import'),
  ('STHONLIN2511008409', DATE '2025-11-22', 4500, 0, 0, 4500, 0, 0, 0, 0, 0, 'DATA_CS-import'),
  ('STHONLIN2511008411', DATE '2025-11-22', 2500, 0, 0, 2500, 0, 0, 0, 0, 0, 'DATA_CS-import'),
  ('STHONLIN2511008594', DATE '2025-11-23', 300, 0, 0, 0, 300, 0, 0, 0, 0, 'DATA_CS-import'),
  ('STHONLIN2511008746', DATE '2025-11-23', 34500, 0, 0, 0, 0, 0, 34500, 0, 0, 'DATA_CS-import'),
  ('STHONLIN2511009109', DATE '2025-11-24', 300, 0, 0, 0, 0, 0, 300, 0, 0, 'DATA_CS-import'),
  ('STHONLIN2511009110', DATE '2025-11-24', 5000, 0, 0, 5000, 0, 0, 0, 0, 0, 'DATA_CS-import'),
  ('STHONLIN2511009121', DATE '2025-11-24', 2950, 0, 0, 2950, 0, 0, 0, 0, 0, 'DATA_CS-import'),
  ('STHONLIN2511009122', DATE '2025-11-24', 2950, 0, 0, 2950, 0, 0, 0, 0, 0, 'DATA_CS-import'),
  ('STHONLIN2511009150', DATE '2025-11-24', 300, 0, 0, 0, 0, 0, 300, 0, 0, 'DATA_CS-import'),
  ('STHONLIN2511009744', DATE '2025-11-25', 1400, 0, 0, 1400, 0, 0, 0, 0, 0, 'DATA_CS-import'),
  ('STHONLIN2511009762', DATE '2025-11-25', 25600, 0, 0, 25600, 0, 0, 0, 0, 0, 'DATA_CS-import'),
  ('STHONLIN2511009806', DATE '2025-11-25', 10000, 0, 0, 10000, 0, 0, 0, 0, 0, 'DATA_CS-import'),
  ('STHONLIN2511010849', DATE '2025-11-27', 9600, 0, 0, 9600, 0, 0, 0, 0, 0, 'DATA_CS-import'),
  ('STHONLIN2511010850', DATE '2025-11-27', 600, 0, 0, 600, 0, 0, 0, 0, 0, 'DATA_CS-import'),
  ('STHONLIN2511010859', DATE '2025-11-27', 4500, 0, 0, 4500, 0, 0, 0, 0, 0, 'DATA_CS-import'),
  ('STHONLIN2511010945', DATE '2025-11-28', 300, 0, 0, 0, 0, 0, 300, 0, 0, 'DATA_CS-import'),
  ('STHONLIN2511011376', DATE '2025-11-28', 5100, 0, 0, 0, 0, 0, 5100, 0, 0, 'DATA_CS-import'),
  ('STHONLIN2511011377', DATE '2025-11-28', 300, 0, 0, 0, 0, 0, 300, 0, 0, 'DATA_CS-import'),
  ('STHONLIN2511011380', DATE '2025-11-28', 3050, 0, 0, 3050, 0, 0, 0, 0, 0, 'DATA_CS-import'),
  ('STHONLIN2511011400', DATE '2025-11-28', 6770, 0, 0, 6770, 0, 0, 0, 0, 0, 'DATA_CS-import'),
  ('STHONLIN2511011401', DATE '2025-11-28', 2400, 0, 0, 2400, 0, 0, 0, 0, 0, 'DATA_CS-import'),
  ('STHONLIN2511011404', DATE '2025-11-28', 2400, 0, 0, 2400, 0, 0, 0, 0, 0, 'DATA_CS-import'),
  ('STHONLIN2511011405', DATE '2025-11-28', 2400, 0, 0, 2400, 0, 0, 0, 0, 0, 'DATA_CS-import'),
  ('STHONLIN2511011407', DATE '2025-11-28', 2500, 0, 0, 2500, 0, 0, 0, 0, 0, 'DATA_CS-import'),
  ('STHONLIN2511011606', DATE '2025-11-29', 300, 0, 0, 0, 300, 0, 0, 0, 0, 'DATA_CS-import'),
  ('STHONLIN2511012097', DATE '2025-11-29', 300, 0, 0, 300, 0, 0, 0, 0, 0, 'DATA_CS-import'),
  ('STHONLIN2511012129', DATE '2025-11-29', 300, 0, 0, 300, 0, 0, 0, 0, 0, 'DATA_CS-import'),
  ('STHONLIN2511012134', DATE '2025-11-29', 4500, 0, 0, 4500, 0, 0, 0, 0, 0, 'DATA_CS-import'),
  ('STHONLIN2511012178', DATE '2025-11-29', 2500, 0, 0, 2500, 0, 0, 0, 0, 0, 'DATA_CS-import'),
  ('STHONLIN2511012278', DATE '2025-11-29', 6000, 0, 0, 6000, 0, 0, 0, 0, 0, 'DATA_CS-import'),
  ('STHONLIN2511012327', DATE '2025-11-29', 12900, 0, 0, 12900, 0, 0, 0, 0, 0, 'DATA_CS-import'),
  ('STHONLIN2511012535', DATE '2025-11-30', 4500, 0, 0, 4500, 0, 0, 0, 0, 0, 'DATA_CS-import'),
  ('STHONLIN2511012542', DATE '2025-11-30', 22050, 0, 0, 22050, 0, 0, 0, 0, 0, 'DATA_CS-import'),
  ('STHONLIN2511012709', DATE '2025-11-30', 2700, 0, 0, 2700, 0, 0, 0, 0, 0, 'DATA_CS-import'),
  ('STHONLIN2511012811', DATE '2025-11-30', 2400, 0, 0, 2400, 0, 0, 0, 0, 0, 'DATA_CS-import'),
  ('STHONLIN2511012989', DATE '2025-11-30', 41400, 0, 0, 41400, 0, 0, 0, 0, 0, 'DATA_CS-import'),
  ('STHONLIN2511012990', DATE '2025-11-30', 2600, 0, 0, 0, 0, 0, 2600, 0, 0, 'DATA_CS-import'),
  ('STHONLIN2511012993', DATE '2025-11-30', 10200, 0, 0, 10200, 0, 0, 0, 0, 0, 'DATA_CS-import'),
  ('STHONLIN2511012996', DATE '2025-11-30', 15000, 0, 0, 15000, 0, 0, 0, 0, 0, 'DATA_CS-import'),
  ('STHONLIN2511012997', DATE '2025-11-30', 320, 0, 0, 0, 0, 0, 320, 0, 0, 'DATA_CS-import'),
  ('STHONLIN2511012999', DATE '2025-11-30', 300, 0, 0, 0, 300, 0, 0, 0, 0, 'DATA_CS-import'),
  ('STHONLIN2511013030', DATE '2025-11-30', 10000, 0, 0, 10000, 0, 0, 0, 0, 0, 'DATA_CS-import'),
  ('STHONLIN2511013040', DATE '2025-11-30', 6090, 0, 0, 6090, 0, 0, 0, 0, 0, 'DATA_CS-import'),
  ('STHONLIN2511013092', DATE '2025-12-01', 4850, 0, 0, 4850, 0, 0, 0, 0, 0, 'DATA_CS-import'),
  ('STHONLIN2511013098', DATE '2025-12-01', 7900, 0, 0, 7900, 0, 0, 0, 0, 0, 'DATA_CS-import'),
  ('STHONLIN2511013106', DATE '2025-12-01', 4500, 0, 0, 4500, 0, 0, 0, 0, 0, 'DATA_CS-import'),
  ('STHONLIN2511013109', DATE '2025-12-01', 4500, 0, 0, 4500, 0, 0, 0, 0, 0, 'DATA_CS-import'),
  ('STHONLIN2511013123', DATE '2025-12-01', 3600, 0, 0, 3600, 0, 0, 0, 0, 0, 'DATA_CS-import'),
  ('STHONLIN2511013124', DATE '2025-12-01', 4400, 0, 0, 4400, 0, 0, 0, 0, 0, 'DATA_CS-import'),
  ('STHONLIN2511013126', DATE '2025-12-01', 4150, 0, 0, 4150, 0, 0, 0, 0, 0, 'DATA_CS-import'),
  ('STHONLIN2512000012', DATE '2025-12-03', 105, 0, 0, 0, 0, 0, 105, 0, 0, 'DATA_CS-import'),
  ('STHONLIN2512000034', DATE '2025-12-04', 300, 0, 0, 0, 0, 0, 300, 0, 0, 'DATA_CS-import'),
  ('STHONLIN2512000035', DATE '2025-12-04', 300, 0, 0, 0, 0, 0, 300, 0, 0, 'DATA_CS-import'),
  ('STHONLIN2512000038', DATE '2025-12-04', 2950, 0, 0, 2950, 0, 0, 0, 0, 0, 'DATA_CS-import'),
  ('STHONLIN2512000047', DATE '2025-12-04', 27000, 0, 0, 27000, 0, 0, 0, 0, 0, 'DATA_CS-import'),
  ('STHONLIN2512000082', DATE '2025-12-04', 15000, 0, 0, 15000, 0, 0, 0, 0, 0, 'DATA_CS-import'),
  ('STHONLIN2512000084', DATE '2025-12-04', 218, 0, 0, 0, 0, 0, 218, 0, 0, 'DATA_CS-import'),
  ('STHONLIN2512000085', DATE '2025-12-04', 5400, 0, 0, 5400, 0, 0, 0, 0, 0, 'DATA_CS-import'),
  ('STHONLIN2512000086', DATE '2025-12-04', 10000, 0, 0, 10000, 0, 0, 0, 0, 0, 'DATA_CS-import'),
  ('STHONLIN2512000099', DATE '2025-12-04', 300, 0, 0, 0, 0, 0, 300, 0, 0, 'DATA_CS-import'),
  ('STHONLIN2512000126', DATE '2025-12-06', 35, 0, 0, 0, 0, 0, 35, 0, 0, 'DATA_CS-import'),
  ('STHONLIN2512000127', DATE '2025-12-06', 35, 0, 0, 0, 0, 0, 35, 0, 0, 'DATA_CS-import'),
  ('STHONLIN2512000128', DATE '2025-12-06', 35, 0, 0, 0, 0, 0, 35, 0, 0, 'DATA_CS-import'),
  ('STHONLIN2512000162', DATE '2025-12-06', 4500, 0, 0, 4500, 0, 0, 0, 0, 0, 'DATA_CS-import'),
  ('STHONLIN2512000163', DATE '2025-12-06', 5100, 0, 0, 5100, 0, 0, 0, 0, 0, 'DATA_CS-import'),
  ('STHONLIN2512000164', DATE '2025-12-06', 300, 0, 0, 0, 0, 0, 300, 0, 0, 'DATA_CS-import'),
  ('STHONLIN2512000166', DATE '2025-12-06', 7000, 0, 0, 7000, 0, 0, 0, 0, 0, 'DATA_CS-import'),
  ('STHONLIN2512000167', DATE '2025-12-06', 10100, 0, 0, 10100, 0, 0, 0, 0, 0, 'DATA_CS-import'),
  ('STHONLIN2512000367', DATE '2025-12-06', 1500, 0, 0, 0, 0, 0, 1500, 0, 0, 'DATA_CS-import'),
  ('STHONLIN2512000369', DATE '2025-12-06', 1500, 0, 0, 1500, 0, 0, 0, 0, 0, 'DATA_CS-import'),
  ('STHONLIN2512000372', DATE '2025-12-06', 2400, 0, 0, 2400, 0, 0, 0, 0, 0, 'DATA_CS-import'),
  ('STHONLIN2512000377', DATE '2025-12-06', 35, 0, 0, 0, 0, 0, 35, 0, 0, 'DATA_CS-import'),
  ('STHONLIN2512000379', DATE '2025-12-06', 300, 0, 0, 0, 0, 0, 300, 0, 0, 'DATA_CS-import'),
  ('STHONLIN2512000380', DATE '2025-12-06', 35, 0, 0, 0, 0, 0, 35, 0, 0, 'DATA_CS-import'),
  ('STHONLIN2512000381', DATE '2025-12-06', 37, 0, 0, 0, 0, 0, 37, 0, 0, 'DATA_CS-import'),
  ('STHONLIN2512000393', DATE '2025-12-06', 1900, 0, 0, 1900, 0, 0, 0, 0, 0, 'DATA_CS-import'),
  ('STHONLIN2512000524', DATE '2025-12-07', 1450, 0, 0, 1450, 0, 0, 0, 0, 0, 'DATA_CS-import'),
  ('STHONLIN2512000555', DATE '2025-12-07', 300, 0, 0, 0, 0, 0, 300, 0, 0, 'DATA_CS-import'),
  ('STHONLIN2512000564', DATE '2025-12-07', 33300, 0, 0, 33300, 0, 0, 0, 0, 0, 'DATA_CS-import'),
  ('STHONLIN2512000650', DATE '2025-12-08', 35, 0, 0, 0, 0, 0, 35, 0, 0, 'DATA_CS-import'),
  ('STHONLIN2512000702', DATE '2025-12-08', 5850, 0, 0, 0, 0, 0, 5850, 0, 0, 'DATA_CS-import'),
  ('STHONLIN2512000704', DATE '2025-12-08', 2800, 0, 0, 2800, 0, 0, 0, 0, 0, 'DATA_CS-import'),
  ('STHONLIN2512000719', DATE '2025-12-08', 300, 0, 0, 0, 0, 0, 300, 0, 0, 'DATA_CS-import'),
  ('STHONLIN2512000743', DATE '2025-12-08', 2100, 0, 0, 2100, 0, 0, 0, 0, 0, 'DATA_CS-import'),
  ('STHONLIN2512000925', DATE '2025-12-09', 2400, 0, 0, 2400, 0, 0, 0, 0, 0, 'DATA_CS-import'),
  ('STHONLIN2512001332', DATE '2025-12-09', 4500, 0, 0, 4500, 0, 0, 0, 0, 0, 'DATA_CS-import'),
  ('STHONLIN2512001337', DATE '2025-12-09', 4750, 0, 0, 4750, 0, 0, 0, 0, 0, 'DATA_CS-import'),
  ('STHONLIN2512001377', DATE '2025-12-09', 3600, 0, 0, 0, 0, 0, 3600, 0, 0, 'DATA_CS-import'),
  ('STHONLIN2512001378', DATE '2025-12-09', 4500, 0, 0, 4500, 0, 0, 0, 0, 0, 'DATA_CS-import'),
  ('STHONLIN2512001726', DATE '2025-12-12', 300, 0, 0, 0, 0, 0, 300, 0, 0, 'DATA_CS-import'),
  ('STHONLIN2512002307', DATE '2025-12-12', 300, 0, 0, 0, 0, 0, 300, 0, 0, 'DATA_CS-import'),
  ('STHONLIN2512002351', DATE '2025-12-12', 7000, 0, 0, 7000, 0, 0, 0, 0, 0, 'DATA_CS-import'),
  ('STHONLIN2512002668', DATE '2025-12-12', 10000, 0, 0, 10000, 0, 0, 0, 0, 0, 'DATA_CS-import'),
  ('STHONLIN2512002705', DATE '2025-12-12', 300, 0, 0, 300, 0, 0, 0, 0, 0, 'DATA_CS-import'),
  ('STHONLIN2512002706', DATE '2025-12-12', 300, 0, 0, 300, 0, 0, 0, 0, 0, 'DATA_CS-import'),
  ('STHONLIN2512002710', DATE '2025-12-12', 300, 0, 0, 300, 0, 0, 0, 0, 0, 'DATA_CS-import'),
  ('STHONLIN2512002712', DATE '2025-12-12', 7750, 0, 0, 7750, 0, 0, 0, 0, 0, 'DATA_CS-import'),
  ('STHONLIN2512002910', DATE '2025-12-12', 4700, 0, 0, 0, 0, 0, 4700, 0, 0, 'DATA_CS-import'),
  ('STHONLIN2512002911', DATE '2025-12-12', 1800, 0, 0, 1800, 0, 0, 0, 0, 0, 'DATA_CS-import'),
  ('STHONLIN2512003038', DATE '2025-12-13', 300, 0, 0, 0, 0, 0, 300, 0, 0, 'DATA_CS-import'),
  ('STHONLIN2512003369', DATE '2025-12-13', 3600, 0, 0, 3600, 0, 0, 0, 0, 0, 'DATA_CS-import'),
  ('STHONLIN2512003371', DATE '2025-12-13', 10000, 0, 0, 10000, 0, 0, 0, 0, 0, 'DATA_CS-import'),
  ('STHONLIN2512003372', DATE '2025-12-13', 169000, 0, 0, 169000, 0, 0, 0, 0, 0, 'DATA_CS-import'),
  ('STHONLIN2512003373', DATE '2025-12-13', 5100, 0, 0, 5100, 0, 0, 0, 0, 0, 'DATA_CS-import'),
  ('STHONLIN2512003377', DATE '2025-12-13', 350, 0, 0, 350, 0, 0, 0, 0, 0, 'DATA_CS-import'),
  ('STHONLIN2512003406', DATE '2025-12-13', 25000, 0, 0, 25000, 0, 0, 0, 0, 0, 'DATA_CS-import'),
  ('STHONLIN2512003478', DATE '2025-12-13', 17000, 0, 0, 17000, 0, 0, 0, 0, 0, 'DATA_CS-import'),
  ('STHONLIN2512003671', DATE '2025-12-14', 72, 0, 0, 0, 0, 0, 0, 0, 72, 'DATA_CS-import'),
  ('STHONLIN2512003672', DATE '2025-12-14', 177, 0, 0, 0, 0, 0, 0, 0, 177, 'DATA_CS-import'),
  ('STHONLIN2512003670', DATE '2025-12-14', 300, 0, 0, 0, 0, 0, 300, 0, 0, 'DATA_CS-import'),
  ('STHONLIN2512003721', DATE '2025-12-15', 4000, 0, 0, 0, 0, 0, 4000, 0, 0, 'DATA_CS-import'),
  ('STHONLIN2512003826', DATE '2025-12-15', 9500, 0, 0, 9500, 0, 0, 0, 0, 0, 'DATA_CS-import'),
  ('STHONLIN2512003834', DATE '2025-12-15', 25000, 0, 0, 0, 25000, 0, 0, 0, 0, 'DATA_CS-import'),
  ('STHONLIN2512003835', DATE '2025-12-15', 131, 0, 0, 0, 0, 0, 131, 0, 0, 'DATA_CS-import'),
  ('STHONLIN2512003839', DATE '2025-12-15', 290, 0, 0, 0, 0, 0, 290, 0, 0, 'DATA_CS-import'),
  ('STHONLIN2512003843', DATE '2025-12-15', 4600, 0, 0, 0, 0, 0, 4600, 0, 0, 'DATA_CS-import'),
  ('STHONLIN2512003911', DATE '2025-12-15', 276, 0, 0, 0, 0, 0, 276, 0, 0, 'DATA_CS-import'),
  ('STHONLIN2512003945', DATE '2025-12-15', 3050, 0, 0, 3050, 0, 0, 0, 0, 0, 'DATA_CS-import'),
  ('STHONLIN2512004267', DATE '2025-12-16', 1200, 0, 0, 0, 1200, 0, 0, 0, 0, 'DATA_CS-import'),
  ('STHONLIN2512004759', DATE '2025-12-17', 4500, 0, 0, 4500, 0, 0, 0, 0, 0, 'DATA_CS-import'),
  ('STHONLIN2512004762', DATE '2025-12-17', 6350, 0, 0, 6350, 0, 0, 0, 0, 0, 'DATA_CS-import'),
  ('STHONLIN2512004768', DATE '2025-12-17', 4600, 0, 0, 4600, 0, 0, 0, 0, 0, 'DATA_CS-import'),
  ('STHONLIN2512004792', DATE '2025-12-17', 5000, 0, 0, 5000, 0, 0, 0, 0, 0, 'DATA_CS-import'),
  ('STHONLIN2512005001', DATE '2025-12-18', 5100, 0, 0, 0, 0, 0, 5100, 0, 0, 'DATA_CS-import'),
  ('STHONLIN2512005153', DATE '2025-12-19', 300, 0, 0, 0, 0, 0, 300, 0, 0, 'DATA_CS-import'),
  ('STHONLIN2512005337', DATE '2025-12-19', 10000, 0, 0, 10000, 0, 0, 0, 0, 0, 'DATA_CS-import'),
  ('STHONLIN2512005342', DATE '2025-12-19', 15000, 0, 0, 15000, 0, 0, 0, 0, 0, 'DATA_CS-import'),
  ('STHONLIN2512005346', DATE '2025-12-19', 750, 0, 0, 750, 0, 0, 0, 0, 0, 'DATA_CS-import'),
  ('STHONLIN2512005594', DATE '2025-12-20', 20000, 0, 0, 20000, 0, 0, 0, 0, 0, 'DATA_CS-import'),
  ('STHONLIN2512005601', DATE '2025-12-20', 25300, 0, 0, 25300, 0, 0, 0, 0, 0, 'DATA_CS-import'),
  ('STHONLIN2512005605', DATE '2025-12-20', 10000, 0, 0, 10000, 0, 0, 0, 0, 0, 'DATA_CS-import'),
  ('STHONLIN2512005641', DATE '2025-12-21', 7000, 0, 0, 7000, 0, 0, 0, 0, 0, 'DATA_CS-import'),
  ('STHONLIN2512005685', DATE '2025-12-21', 900, 0, 0, 900, 0, 0, 0, 0, 0, 'DATA_CS-import'),
  ('STHONLIN2512005689', DATE '2025-12-21', 8850, 0, 0, 8850, 0, 0, 0, 0, 0, 'DATA_CS-import'),
  ('STHONLIN2512005690', DATE '2025-12-21', 10000, 0, 0, 10000, 0, 0, 0, 0, 0, 'DATA_CS-import'),
  ('STHONLIN2512005698', DATE '2025-12-21', 4500, 0, 0, 4500, 0, 0, 0, 0, 0, 'DATA_CS-import'),
  ('STHONLIN2512005700', DATE '2025-12-21', 15150, 0, 0, 15150, 0, 0, 0, 0, 0, 'DATA_CS-import'),
  ('STHONLIN2512005712', DATE '2025-12-21', 5520, 0, 0, 0, 5520, 0, 0, 0, 0, 'DATA_CS-import')
ON CONFLICT (bill_no) DO UPDATE SET
  credit_card = GREATEST(daily_sale_payments.credit_card, EXCLUDED.credit_card),
  ewallet = GREATEST(daily_sale_payments.ewallet, EXCLUDED.ewallet),
  qr_payment = GREATEST(daily_sale_payments.qr_payment, EXCLUDED.qr_payment),
  commission_deduct = GREATEST(daily_sale_payments.commission_deduct, EXCLUDED.commission_deduct),
  arp_amount = GREATEST(daily_sale_payments.arp_amount, EXCLUDED.arp_amount);

-- -- Table C -> daily_sale_reconcile (daily signoff)
INSERT INTO daily_sale_reconcile (reconcile_date, branch, bill_count, bill_value, remaining, system_count, system_value, signature, notes, created_by) VALUES
  (DATE '2025-07-01', 'BKK01', 26, 107970, 107970, 26, 107970, 'เหน่ง', NULL, 'DATA_CS-import'),
  (DATE '2025-07-02', 'BKK01', 31, 205400, 205400, 31, 205400, 'เกษ', NULL, 'DATA_CS-import'),
  (DATE '2025-07-03', 'BKK01', 21, 156920, 156920, 21, 156920, 'เหน่ง', NULL, 'DATA_CS-import'),
  (DATE '2025-07-04', 'BKK01', 24, 113870, 113870, 24, 113870, 'เหน่ง', NULL, 'DATA_CS-import'),
  (DATE '2025-07-05', 'BKK01', 24, 139520, 139520, 24, 139520, 'เกษ', NULL, 'DATA_CS-import'),
  (DATE '2025-07-06', 'BKK01', 25, 213490, 213490, 25, 213490, 'เกษ', NULL, 'DATA_CS-import'),
  (DATE '2025-07-07', 'BKK01', 27, 192850, 192850, 27, 192850, 'เหน่ง', 'ยอดใบยืม 103,500 ไม่รวมในยอดขาย', 'DATA_CS-import'),
  (DATE '2025-07-08', 'BKK01', 23, 176470, 176470, 23, 176470, 'เกษ', NULL, 'DATA_CS-import'),
  (DATE '2025-07-09', 'BKK01', 19, 125200, 125200, 19, 125200, 'เหน่ง', NULL, 'DATA_CS-import'),
  (DATE '2025-07-10', 'BKK01', 21, 144270, 144270, 21, 144270, 'เหน่ง', NULL, 'DATA_CS-import'),
  (DATE '2025-07-11', 'BKK01', 17, 87820, 87820, 17, 87820, 'เกษ', NULL, 'DATA_CS-import'),
  (DATE '2025-07-12', 'BKK01', 16, 61040, 61040, 16, 74440, 'เหน่ง', 'ผลต่าง 13,400  บาท  บิลวันที่  11/7/68 STHONLIN2504001283', 'DATA_CS-import'),
  (DATE '2025-07-13', 'BKK01', 17, 60155, 60155, 17, 60155, 'เกษ', NULL, 'DATA_CS-import'),
  (DATE '2025-07-14', 'BKK01', 27, 82420, 82420, 27, 82420, 'เกษ', NULL, 'DATA_CS-import'),
  (DATE '2025-07-15', 'BKK01', 21, 206470, 206470, 21, 206470, 'เกษ', NULL, 'DATA_CS-import'),
  (DATE '2025-07-16', 'BKK01', 16, 165380, 165380, 16, 165380, 'เกษ', NULL, 'DATA_CS-import'),
  (DATE '2025-07-17', 'BKK01', 22, 113840, 113840, 22, 113840, 'เหน่ง', NULL, 'DATA_CS-import'),
  (DATE '2025-07-18', 'BKK01', 22, 106530, 106530, 22, 106530, 'เหน่ง', NULL, 'DATA_CS-import'),
  (DATE '2025-07-19', 'BKK01', 13, 98980, 98980, 13, 98980, 'เหน่ง', NULL, 'DATA_CS-import'),
  (DATE '2025-07-20', 'BKK01', 23, 96830, 96830, 23, 96830, 'เกษ', NULL, 'DATA_CS-import'),
  (DATE '2025-07-21', 'BKK01', 31, 133675, 133675, 31, 133675, 'เหน่ง', NULL, 'DATA_CS-import'),
  (DATE '2025-07-22', 'BKK01', 15, 97330, 97330, 15, 97330, 'เกษ', NULL, 'DATA_CS-import'),
  (DATE '2025-07-23', 'BKK01', 19, 71850, 71850, 19, 71850, 'เหน่ง', '5340  แลกAPR easy และแลกสินค้า ABB Online', 'DATA_CS-import'),
  (DATE '2025-07-24', 'BKK01', 14, 68100, 68100, 14, 68100, 'เหน่ง', NULL, 'DATA_CS-import'),
  (DATE '2025-07-25', 'BKK01', 20, 208860, 208860, 20, 208860, 'เกษ', NULL, 'DATA_CS-import'),
  (DATE '2025-07-26', 'BKK01', 23, 83525, 83525, 23, 83525, 'เหน่ง', '740  แลกAPR easy และแลกสินค้า ABB Online', 'DATA_CS-import'),
  (DATE '2025-07-27', 'BKK01', 17, 87395, 87395, 17, 87395, 'เกษ', NULL, 'DATA_CS-import'),
  (DATE '2025-07-28', 'BKK01', 0, 0, 0, 0, 0, NULL, NULL, 'DATA_CS-import'),
  (DATE '2025-07-29', 'BKK01', 36, 208130, 208130, 36, 208130, 'เกษ', NULL, 'DATA_CS-import'),
  (DATE '2025-07-30', 'BKK01', 26, 174370, 174370, 26, 174370, 'เกษ', NULL, 'DATA_CS-import'),
  (DATE '2025-07-31', 'BKK01', 38, 216660, 216660, 38, 216660, 'เหน่ง', 'แลกสินค้า ABB Online 420', 'DATA_CS-import'),
  (DATE '2025-08-01', 'BKK01', 13, 40350, 40350, 13, 40350, 'เกษ', 'รับรางวัลสินค้า  ABB Online   420 บาท', 'DATA_CS-import'),
  (DATE '2025-08-02', 'BKK01', 18, 157970, 157970, 18, 157970, 'เหน่ง', NULL, 'DATA_CS-import'),
  (DATE '2025-08-03', 'BKK01', 16, 66715, 66715, 16, 66715, 'เกษ', NULL, 'DATA_CS-import'),
  (DATE '2025-08-04', 'BKK01', 25, 103300, 103300, 25, 103300, 'เกษ', NULL, 'DATA_CS-import'),
  (DATE '2025-08-05', 'BKK01', 18, 102290, 102290, 18, 102290, 'เกษ', NULL, 'DATA_CS-import'),
  (DATE '2025-08-06', 'BKK01', 31, 145035, 145035, 31, 145035, 'เกษ', NULL, 'DATA_CS-import'),
  (DATE '2025-08-07', 'BKK01', 0, 0, 0, 0, 0, NULL, NULL, 'DATA_CS-import'),
  (DATE '2025-08-08', 'BKK01', 0, 0, 0, 0, 0, NULL, NULL, 'DATA_CS-import'),
  (DATE '2025-08-09', 'BKK01', 43, 223420, 223420, 43, 233420, 'เหน่ง', NULL, 'DATA_CS-import'),
  (DATE '2025-08-10', 'BKK01', 29, 70880, 70880, 29, 70880, 'เหน่ง', NULL, 'DATA_CS-import'),
  (DATE '2025-08-11', 'BKK01', 15, 249400, 249400, 14, 149400, 'เหน่ง', NULL, 'DATA_CS-import'),
  (DATE '2025-08-12', 'BKK01', 0, 0, 0, 0, 0, NULL, NULL, 'DATA_CS-import'),
  (DATE '2025-08-13', 'BKK01', 25, 164220, 164220, 25, 164220, 'เกษ', NULL, 'DATA_CS-import'),
  (DATE '2025-08-14', 'BKK01', 14, 47480, 47480, 14, 47480, 'เหน่ง', 'แลกARP Easy จำนวน 4500บาท รับจริง42,980บาท', 'DATA_CS-import'),
  (DATE '2025-08-15', 'BKK01', 17, 111800, 111800, 17, 111800, 'เหน่ง', NULL, 'DATA_CS-import'),
  (DATE '2025-08-16', 'BKK01', 19, 112600, 112600, 19, 112600, 'เหน่ง', NULL, 'DATA_CS-import'),
  (DATE '2025-08-17', 'BKK01', 17, 56240, 56240, 17, 56240, 'เกษ', 'แลกรางวัล ABB ONLINE จำนวน 420 บาท รับจริง 55,820', 'DATA_CS-import'),
  (DATE '2025-08-18', 'BKK01', 20, 106300, 106300, 20, 106300, 'เหน่ง', NULL, 'DATA_CS-import'),
  (DATE '2025-08-19', 'BKK01', 23, 82640, 82640, 23, 82640, 'เกษ', NULL, 'DATA_CS-import'),
  (DATE '2025-08-20', 'BKK01', 19, 85300, 85300, 19, 85300, 'เหน่ง', NULL, 'DATA_CS-import'),
  (DATE '2025-08-21', 'BKK01', 21, 129050, 129050, 21, 129050, 'เหน่ง', NULL, 'DATA_CS-import'),
  (DATE '2025-08-22', 'BKK01', 17, 116550, 116550, 17, 116550, 'เหน่ง', NULL, 'DATA_CS-import'),
  (DATE '2025-08-23', 'BKK01', 20, 70500, 70500, 20, 70500, 'เกษ', NULL, 'DATA_CS-import'),
  (DATE '2025-08-24', 'BKK01', 28, 127680, 127680, 28, 127680, 'เหน่ง', NULL, 'DATA_CS-import'),
  (DATE '2025-08-25', 'BKK01', 28, 128925, 128925, 28, 128925, 'เหน่ง', NULL, 'DATA_CS-import'),
  (DATE '2025-08-26', 'BKK01', 18, 99050, 99050, 18, 99050, 'เหน่ง', NULL, 'DATA_CS-import'),
  (DATE '2025-08-27', 'BKK01', 17, 170080, 170080, 17, 170080, 'เกษ', NULL, 'DATA_CS-import'),
  (DATE '2025-08-28', 'BKK01', 28, 135270, 135270, 28, 135270, 'เหน่ง', NULL, 'DATA_CS-import'),
  (DATE '2025-08-29', 'BKK01', 19, 113650, 113650, 19, 113650, 'เหน่ง', NULL, 'DATA_CS-import'),
  (DATE '2025-08-30', 'BKK01', 18, 122350, 122350, 18, 126950, 'เกษ', 'ผลต่าง 4,600 บาท บิลวันที่  29/8/68 STHBKK012508000481', 'DATA_CS-import'),
  (DATE '2025-08-31', 'BKK01', 57, 224920, 224920, 57, 224920, 'เกษ', NULL, 'DATA_CS-import'),
  (DATE '2025-10-01', 'BKK01', 12, 45250, 45250, 12, 45250, 'เกษ', NULL, 'DATA_CS-import'),
  (DATE '2025-10-02', 'BKK01', 16, 79100, 79100, 16, 79100, 'เหน่ง', NULL, 'DATA_CS-import'),
  (DATE '2025-10-03', 'BKK01', 25, 88250, 88250, 25, 88250, 'เกษ', NULL, 'DATA_CS-import'),
  (DATE '2025-10-04', 'BKK01', 29, 177440, 177440, 29, 177440, 'เหน่ง', NULL, 'DATA_CS-import'),
  (DATE '2025-10-05', 'BKK01', 25, 164250, 164250, 25, 164250, 'เกษ', NULL, 'DATA_CS-import'),
  (DATE '2025-10-06', 'BKK01', 24, 141330, 141330, 24, 141330, 'เหน่ง', NULL, 'DATA_CS-import'),
  (DATE '2025-10-07', 'BKK01', 17, 69025, 69025, 17, 69025, 'เกษ', NULL, 'DATA_CS-import'),
  (DATE '2025-10-08', 'BKK01', 20, 67525, 67525, 20, 67525, 'เกษ', NULL, 'DATA_CS-import'),
  (DATE '2025-10-09', 'BKK01', 17, 59940, 59940, 17, 59940, 'เกษ', NULL, 'DATA_CS-import'),
  (DATE '2025-10-10', 'BKK01', 16, 91445, 91445, 16, 91445, 'เกษ', NULL, 'DATA_CS-import'),
  (DATE '2025-10-11', 'BKK01', 8, 65950, 65950, 8, 65950, 'เหน่ง', NULL, 'DATA_CS-import'),
  (DATE '2025-10-12', 'BKK01', 8, 24850, 24850, 8, 24850, 'เหน่ง', NULL, 'DATA_CS-import'),
  (DATE '2025-10-13', 'BKK01', 0, 0, 0, 0, 0, NULL, 'วันหยุดนักขัตฤกษ์ (วันนวมินทรมหาราช)', 'DATA_CS-import'),
  (DATE '2025-10-14', 'BKK01', 19, 103470, 103470, 19, 103470, 'เกษ', NULL, 'DATA_CS-import'),
  (DATE '2025-10-15', 'BKK01', 12, 40800, 40800, 12, 40800, 'เกษ', NULL, 'DATA_CS-import'),
  (DATE '2025-10-16', 'BKK01', 11, 44940, 44940, 11, 44940, 'เกษ', NULL, 'DATA_CS-import'),
  (DATE '2025-10-17', 'BKK01', 16, 71490, 71490, 16, 71490, 'เหน่ง', NULL, 'DATA_CS-import'),
  (DATE '2025-10-18', 'BKK01', 19, 92900, 92900, 19, 92900, 'เหน่ง', NULL, 'DATA_CS-import'),
  (DATE '2025-10-19', 'BKK01', 14, 32620, 32620, 14, 32620, 'เกษ', NULL, 'DATA_CS-import'),
  (DATE '2025-10-20', 'BKK01', 17, 57250, 57250, 17, 57250, 'เกษ', NULL, 'DATA_CS-import'),
  (DATE '2025-10-21', 'BKK01', 15, 73200, 73200, 15, 73200, 'เหน่ง', NULL, 'DATA_CS-import'),
  (DATE '2025-10-22', 'BKK01', 10, 44550, 44550, 10, 44550, 'เหน่ง', NULL, 'DATA_CS-import'),
  (DATE '2025-10-23', 'BKK01', 0, 0, 0, 0, 0, NULL, 'วันหยุดนักขัตฤกษ์ (วันปิยมหาราช)', 'DATA_CS-import'),
  (DATE '2025-10-24', 'BKK01', 15, 53220, 53220, 15, 53220, 'เหน่ง', NULL, 'DATA_CS-import'),
  (DATE '2025-10-25', 'BKK01', 13, 63850, 63850, 13, 63850, 'เกษ', NULL, 'DATA_CS-import'),
  (DATE '2025-10-26', 'BKK01', 4, 46600, 46600, 4, 46600, 'เกษ', NULL, 'DATA_CS-import'),
  (DATE '2025-10-27', 'BKK01', 6, 38825, 38825, 6, 38825, 'เกษ', NULL, 'DATA_CS-import'),
  (DATE '2025-10-28', 'BKK01', 19, 76520, 76520, 19, 76520, 'เหน่ง', NULL, 'DATA_CS-import'),
  (DATE '2025-10-29', 'BKK01', 16, 88120, 88120, 16, 88120, 'เกษ', NULL, 'DATA_CS-import'),
  (DATE '2025-10-30', 'BKK01', 12, 59560, 59560, 12, 59560, 'เกษ', NULL, 'DATA_CS-import'),
  (DATE '2025-10-31', 'BKK01', 34, 159250, 159250, 34, 159250, 'เกษ', NULL, 'DATA_CS-import'),
  (DATE '2025-11-01', 'BKK01', 13, 46950, 46950, 13, 46950, 'เกษ', NULL, 'DATA_CS-import'),
  (DATE '2025-11-02', 'BKK01', 11, 34880, 34880, 11, 34880, 'เกษ', NULL, 'DATA_CS-import'),
  (DATE '2025-11-03', 'BKK01', 16, 89590, 89590, 16, 89590, 'เหน่ง', NULL, 'DATA_CS-import'),
  (DATE '2025-11-04', 'BKK01', 7, 16950, 16950, 7, 16950, 'เหน่ง', NULL, 'DATA_CS-import'),
  (DATE '2025-11-05', 'BKK01', 10, 103250, 103250, 10, 103250, 'เกษ', NULL, 'DATA_CS-import'),
  (DATE '2025-11-06', 'BKK01', 6, 19925, 19925, 6, 19925, 'เกษ', NULL, 'DATA_CS-import'),
  (DATE '2025-11-07', 'BKK01', 9, 26900, 26900, 9, 26900, 'เกษ', NULL, 'DATA_CS-import'),
  (DATE '2025-11-08', 'BKK01', 9, 36500, 36500, 9, 36500, 'เกษ', NULL, 'DATA_CS-import'),
  (DATE '2025-11-09', 'BKK01', 22, 29330, 29330, 22, 29330, 'เกษ', NULL, 'DATA_CS-import'),
  (DATE '2025-11-10', 'BKK01', 12, 140530, 140530, 12, 140530, 'เหน่ง', NULL, 'DATA_CS-import'),
  (DATE '2025-11-11', 'BKK01', 10, 112790, 112790, 10, 112790, 'เกษ', NULL, 'DATA_CS-import'),
  (DATE '2025-11-12', 'BKK01', 14, 91990, 91990, 14, 91990, 'เกษ', NULL, 'DATA_CS-import'),
  (DATE '2025-11-13', 'BKK01', 11, 111950, 111950, 11, 111950, 'เกษ', NULL, 'DATA_CS-import'),
  (DATE '2025-11-14', 'BKK01', 7, 20180, 20180, 7, 20180, 'เหน่ง', NULL, 'DATA_CS-import'),
  (DATE '2025-11-15', 'BKK01', 8, 24510, 24510, 8, 24510, 'เกษ', NULL, 'DATA_CS-import'),
  (DATE '2025-11-16', 'BKK01', 14, 44325, 44325, 14, 44325, 'เกษ', NULL, 'DATA_CS-import'),
  (DATE '2025-11-17', 'BKK01', 16, 35340, 35340, 16, 35340, 'เกษ', NULL, 'DATA_CS-import'),
  (DATE '2025-11-18', 'BKK01', 24, 141290, 141290, 24, 141290, 'เหน่ง', NULL, 'DATA_CS-import'),
  (DATE '2025-11-19', 'BKK01', 13, 83600, 83600, 13, 83600, 'เกษ', NULL, 'DATA_CS-import'),
  (DATE '2025-11-20', 'BKK01', 13, 39000, 39000, 13, 39000, 'เกษ', NULL, 'DATA_CS-import'),
  (DATE '2025-11-21', 'BKK01', 12, 61020, 61020, 12, 61020, 'เหน่ง', NULL, 'DATA_CS-import'),
  (DATE '2025-11-22', 'BKK01', 22, 134590, 134590, 22, 134590, 'เกษ', NULL, 'DATA_CS-import'),
  (DATE '2025-11-23', 'BKK01', 12, 68770, 68770, 12, 68770, 'เหน่ง', NULL, 'DATA_CS-import'),
  (DATE '2025-11-24', 'BKK01', 15, 93600, 93600, 15, 93600, 'เหน่ง', NULL, 'DATA_CS-import'),
  (DATE '2025-11-25', 'BKK01', 12, 64890, 64890, 12, 64890, 'เหน่ง', NULL, 'DATA_CS-import'),
  (DATE '2025-11-26', 'BKK01', 7, 20550, 20550, 7, 20550, 'เกษ', NULL, 'DATA_CS-import'),
  (DATE '2025-11-27', 'BKK01', 19, 94690, 94690, 19, 94690, 'เกษ', NULL, 'DATA_CS-import'),
  (DATE '2025-11-28', 'BKK01', 28, 95890, 95890, 28, 95890, 'เหน่ง', 'ยกเลิกบิง 27/11/68 ยอด 9,600บาท รับจริง 95,890บาท', 'DATA_CS-import'),
  (DATE '2025-11-29', 'BKK01', 28, 94080, 94080, 28, 94080, 'เกษ', NULL, 'DATA_CS-import'),
  (DATE '2025-11-30', 'BKK01', 32, 637620, 637620, 32, 637620, 'เกษ', NULL, 'DATA_CS-import'),
  (DATE '2025-12-01', 'BKK01', 16, 61880, 61880, 16, 61880, 'เกษ', NULL, 'DATA_CS-import'),
  (DATE '2025-12-02', 'BKK01', 16, 69750, 69750, 16, 69750, 'เหน่ง', NULL, 'DATA_CS-import'),
  (DATE '2025-12-03', 'BKK01', 19, 87150, 87150, 19, 87150, 'เกษ', NULL, 'DATA_CS-import'),
  (DATE '2025-12-04', 'BKK01', 22, 126450, 126450, 22, 126450, 'เหน่ง', NULL, 'DATA_CS-import'),
  (DATE '2025-12-05', 'BKK01', 0, 0, 0, 0, 0, NULL, 'วันพ่อแห่งชาติ', 'DATA_CS-import'),
  (DATE '2025-12-06', 'BKK01', 29, 98975, 98975, 29, 98975, 'เกษ', NULL, 'DATA_CS-import'),
  (DATE '2025-12-07', 'BKK01', 15, 131030, 131030, 15, 131030, 'เกษ', 'ผลต่าง 2,900  บาท  บิลวันที่  6/12/68 STHBKK012512000102', 'DATA_CS-import'),
  (DATE '2025-12-08', 'BKK01', 15, 34200, 34200, 15, 34200, 'เหน่ง', NULL, 'DATA_CS-import'),
  (DATE '2025-12-09', 'BKK01', 25, 97640, 97640, 25, 97640, 'เหน่ง', NULL, 'DATA_CS-import'),
  (DATE '2025-12-10', 'BKK01', 0, 0, 0, 0, 0, NULL, 'วันหยุดนักขัตฤกษ์', 'DATA_CS-import'),
  (DATE '2025-12-11', 'BKK01', 0, 0, 0, 0, 0, NULL, 'ระบบขัดข้อง(ยอดรวมกับวันที่ 12/12/68)', 'DATA_CS-import'),
  (DATE '2025-12-12', 'BKK01', 42, 173820, 173820, 42, 173820, 'เหน่ง', NULL, 'DATA_CS-import'),
  (DATE '2025-12-13', 'BKK01', 27, 293610, 293610, 27, 293610, 'เหน่ง', NULL, 'DATA_CS-import'),
  (DATE '2025-12-14', 'BKK01', 16, 47990, 47990, 16, 47990, 'เหน่ง', NULL, 'DATA_CS-import'),
  (DATE '2025-12-15', 'BKK01', 20, 118890, 118890, 20, 118890, 'เกษ', NULL, 'DATA_CS-import'),
  (DATE '2025-12-16', 'BKK01', 14, 48950, 48950, 14, 48950, 'เกษ', NULL, 'DATA_CS-import'),
  (DATE '2025-12-17', 'BKK01', 21, 101060, 101060, 21, 101060, 'เกษ', NULL, 'DATA_CS-import'),
  (DATE '2025-12-18', 'BKK01', 12, 34300, 34300, 12, 34300, 'เหน่ง', NULL, 'DATA_CS-import'),
  (DATE '2025-12-19', 'BKK01', 16, 109900, 109900, 16, 109900, 'เหน่ง', NULL, 'DATA_CS-import'),
  (DATE '2025-12-20', 'BKK01', 17, 115980, 115980, 17, 115980, 'เหน่ง', NULL, 'DATA_CS-import'),
  (DATE '2025-12-21', 'BKK01', 24, 120230, 120230, 24, 120230, 'เกษ', NULL, 'DATA_CS-import'),
  (DATE '2025-12-22', 'BKK01', 24, 87925, 87925, 24, 87925, 'เหน่ง', NULL, 'DATA_CS-import'),
  (DATE '2025-12-23', 'BKK01', 23, 89065, 89065, 23, 89065, 'เหน่ง', NULL, 'DATA_CS-import'),
  (DATE '2025-12-24', 'BKK01', 27, 171380, 171380, 27, 171380, 'เกษ', NULL, 'DATA_CS-import'),
  (DATE '2025-12-25', 'BKK01', 23, 66030, 66030, 23, 66030, 'เกษ', NULL, 'DATA_CS-import'),
  (DATE '2025-12-26', 'BKK01', 14, 68580, 68580, 14, 68580, 'เหน่ง', NULL, 'DATA_CS-import'),
  (DATE '2025-12-27', 'BKK01', 24, 448650, 448650, 24, 448650, 'เกษ', NULL, 'DATA_CS-import'),
  (DATE '2025-12-28', 'BKK01', 21, 108710, 108710, 21, 108710, 'เหน่ง', NULL, 'DATA_CS-import'),
  (DATE '2025-12-29', 'BKK01', 27, 100640, 100640, 27, 100640, 'เหน่ง', NULL, 'DATA_CS-import'),
  (DATE '2025-12-30', 'BKK01', 22, 80190, 80190, 22, 80190, 'เกษ', NULL, 'DATA_CS-import'),
  (DATE '2025-12-31', 'BKK01', 0, 0, 0, 0, 0, NULL, 'หยุดปีใหม่', 'DATA_CS-import'),
  (DATE '2026-01-01', 'BKK01', 0, 0, 0, 0, 0, NULL, 'หยุดปีใหม่', 'DATA_CS-import'),
  (DATE '2026-01-02', 'BKK01', 0, 0, 0, 0, 0, NULL, 'หยุดปีใหม่', 'DATA_CS-import'),
  (DATE '2026-01-03', 'BKK01', 0, 0, 0, 0, 0, NULL, 'หยุดปีใหม่', 'DATA_CS-import'),
  (DATE '2026-01-04', 'BKK01', 55, 237605, 237605, 55, 237605, 'เหน่ง', NULL, 'DATA_CS-import'),
  (DATE '2026-01-06', 'BKK01', 30, 411480, 411480, 30, 411480, 'เหน่ง', NULL, 'DATA_CS-import'),
  (DATE '2026-01-07', 'BKK01', 22, 75300, 75300, 22, 75300, 'เกษ', NULL, 'DATA_CS-import'),
  (DATE '2026-01-08', 'BKK01', 14, 36250, 36250, 14, 36250, 'เหน่ง', NULL, 'DATA_CS-import'),
  (DATE '2026-01-09', 'BKK01', 25, 93070, 93070, 25, 93070, 'เหน่ง', NULL, 'DATA_CS-import'),
  (DATE '2026-01-10', 'BKK01', 19, 90250, 90250, 19, 90250, 'เกษ', NULL, 'DATA_CS-import'),
  (DATE '2026-01-11', 'BKK01', 30, 122440, 122440, 30, 122440, 'เหน่ง', NULL, 'DATA_CS-import'),
  (DATE '2026-01-12', 'BKK01', 19, 78680, 78680, 19, 78680, 'เหน่ง', NULL, 'DATA_CS-import'),
  (DATE '2026-01-13', 'BKK01', 22, 189290, 189290, 22, 189290, 'เหน่ง', NULL, 'DATA_CS-import'),
  (DATE '2026-01-14', 'BKK01', 30, 103750, 103750, 30, 103750, 'เกษ', NULL, 'DATA_CS-import'),
  (DATE '2026-01-15', 'BKK01', 34, 104550, 104550, 34, 104550, 'เหน่ง', NULL, 'DATA_CS-import'),
  (DATE '2026-01-16', 'BKK01', 29, 163980, 163980, 29, 163980, 'เหน่ง', NULL, 'DATA_CS-import'),
  (DATE '2026-01-17', 'BKK01', 24, 98040, 98040, 24, 98040, 'เกษ', NULL, 'DATA_CS-import'),
  (DATE '2026-01-18', 'BKK01', 26, 58280, 58280, 26, 58280, 'เกษ', NULL, 'DATA_CS-import'),
  (DATE '2026-01-19', 'BKK01', 21, 92590, 92590, 21, 92590, 'เกษ', NULL, 'DATA_CS-import'),
  (DATE '2026-01-20', 'BKK01', 21, 74590, 74590, 21, 74590, 'เหน่ง', NULL, 'DATA_CS-import'),
  (DATE '2026-01-21', 'BKK01', 11, 97700, 97700, 11, 97700, 'เกษ', NULL, 'DATA_CS-import'),
  (DATE '2026-01-22', 'BKK01', 18, 187780, 187780, 18, 187780, 'เหน่ง', NULL, 'DATA_CS-import'),
  (DATE '2026-01-23', 'BKK01', 16, 122630, 122630, 16, 122630, 'เหน่ง', NULL, 'DATA_CS-import'),
  (DATE '2026-01-24', 'BKK01', 12, 25700, 25700, 12, 25700, 'เหน่ง', NULL, 'DATA_CS-import'),
  (DATE '2026-01-25', 'BKK01', 17, 25680, 25680, 17, 25680, 'เกษ', NULL, 'DATA_CS-import'),
  (DATE '2026-01-26', 'BKK01', 18, 91840, 91840, 18, 91840, 'เหน่ง', NULL, 'DATA_CS-import'),
  (DATE '2026-01-27', 'BKK01', 24, 112340, 112340, 24, 112340, 'เหน่ง', NULL, 'DATA_CS-import'),
  (DATE '2026-01-28', 'BKK01', 26, 194370, 194370, 26, 194370, 'เกษ', NULL, 'DATA_CS-import'),
  (DATE '2026-01-29', 'BKK01', 20, 80680, 80680, 20, 80680, 'เหน่ง', NULL, 'DATA_CS-import'),
  (DATE '2026-01-30', 'BKK01', 42, 117530, 117530, 42, 117530, 'เหน่ง', NULL, 'DATA_CS-import'),
  (DATE '2026-01-31', 'BKK01', 51, 353180, 353180, 51, 353180, 'เหน่ง', NULL, 'DATA_CS-import')
ON CONFLICT (reconcile_date, branch) DO UPDATE SET
  bill_count = EXCLUDED.bill_count,
  bill_value = EXCLUDED.bill_value,
  remaining = EXCLUDED.remaining,
  system_count = EXCLUDED.system_count,
  system_value = EXCLUDED.system_value,
  signature = COALESCE(EXCLUDED.signature, daily_sale_reconcile.signature),
  notes = COALESCE(EXCLUDED.notes, daily_sale_reconcile.notes);

COMMIT;

-- ============================================================
-- DONE
-- Test:
--   SELECT COUNT(*) FROM daily_sale_bills WHERE source_file='DATA_CS-import';
--   SELECT COUNT(*) FROM daily_sale_payments WHERE source_file='DATA_CS-import';
--   SELECT COUNT(*) FROM daily_sale_reconcile WHERE created_by='DATA_CS-import';
-- Expected: bills=124+Table_B_merges, payments similar, reconcile=184
-- ============================================================